county_fips,iso,zone,overlap_area_m2_city,frac_city
01089,city,Huntsville,469463474.7080441,0.7987220878411431
04013,city,Chandler,170341388.82065043,1.0000000000000009
04013,city,Goodyear,495871596.87229306,0.9999999999999993
04013,city,Mesa,368875060.6941893,0.9999999999999993
04013,city,Phoenix,1345319818.9068482,0.9999999999999982
12086,city,Miami,122322003.7368113,1.0000000000000007
13097,city,Lithia Springs,35046540.00838046,1.0000000000000007
13121,city,Atlanta,330146173.569486,0.9344501407072312
32003,city,Las Vegas,367628941.2570896,1.0000000000000013
32031,city,Reno,289786217.4825498,1.0000000000000009
32031,city,Sparks,94812870.812316,0.9999999999999996
37119,city,Charlotte,812255795.5487274,1.0000000000000007
41049,city,Boardman,11481474.643697536,1.0000000000000004
41067,city,Hillsboro,68674291.56643225,0.9999999999999996
45015,city,Moncks Corner,30385354.88978896,1.0000000000000004
53025,city,Quincy,17497136.45676959,0.9999999999999998
53033,city,Seattle,258761921.7944449,0.9999999999999997
53033,city,Tukwila,24939071.68613043,0.9999999999999999
