state_abbr,state_name,count_2016,MW_2016,count_2017,MW_2017,count_2018,MW_2018,count_2019,MW_2019,count_2020,MW_2020,count_2021,MW_2021,count_2022,MW_2022,count_2023,MW_2023,count_2024,MW_2024,count_2025,MW_2025
AK,Alaska,2,0.45,2,0.45,2,0.45,2,0.45,2,0.45,2,0.45,2,0.45,2,0.45,2,0.45,2,0.45
AL,Alabama,4,1.046,4,1.046,6,3.746,8,61.296,9,113.296,12,217.746,13,222.246,14,326.246,18,482.772,20,690.772
AR,Arkansas,3,2.184,3,2.184,3,2.184,3,2.184,3,2.184,3,2.184,3,2.184,3,2.184,3,2.184,3,2.184
AZ,Arizona,49,825.499,56,934.714,50,938.286,54,1044.262,58,1078.026,63,1223.629,70,1460.249,76,1758.632,88,2392.509,110,3167.433
CA,California,210,2117.979,216,2297.327,220,2460.302,225,2496.119,233,2574.047,245,2702.303,256,2938.265,269,3079.621,285,3473.613,296,3832.658
CO,Colorado,35,454.52,37,466.028,37,478.247,41,485.163,45,487.058,51,502.143,53,521.123,54,522.041,55,524.141,56,528.288
CT,Connecticut,7,42.696,10,46.171,10,46.171,10,46.171,11,46.621,12,48.648,12,48.648,12,48.648,12,48.648,12,48.648
DC,District of Columbia,8,34.556,9,35.356,9,35.356,11,68.969,11,68.969,11,68.969,11,68.969,11,68.969,11,45.304,11,45.304
DE,Delaware,2,15.0,2,15.0,2,15.0,2,15.0,2,15.0,2,15.0,2,15.0,2,15.0,2,15.0,2,15.0
FL,Florida,66,378.304,68,385.804,71,375.104,76,392.857,76,392.857,81,398.384,86,410.233,89,415.454,93,420.768,94,420.968
GA,Georgia,61,912.936,63,926.011,67,1153.411,70,1500.991,70,1563.88,71,1631.626,79,2081.954,85,2373.645,91,2559.25,104,3349.658
HI,Hawaii,2,15.68,2,15.68,2,15.68,2,15.68,2,15.68,2,15.68,3,17.28,3,17.28,3,17.28,3,17.28
IA,Iowa,27,822.34,32,1051.699,36,1142.7,42,1284.968,46,1330.798,47,1331.023,52,1409.713,60,1812.809,72,2237.543,75,2337.477
ID,Idaho,8,11.5,8,11.5,9,18.406,9,18.406,11,27.406,10,20.5,10,20.5,10,20.5,11,135.629,12,250.829
IL,Illinois,66,1250.438,70,1337.793,77,1455.307,83,1599.337,88,1682.581,91,1752.716,94,1869.585,100,2132.535,109,2805.081,122,3399.528
IN,Indiana,20,151.22,20,151.22,22,161.72,25,170.7,26,170.763,28,192.881,31,359.381,32,360.506,36,518.006,41,752.35
KS,Kansas,9,64.229,8,57.929,8,57.929,8,57.929,8,57.929,10,66.529,10,65.604,10,68.528,10,68.528,10,68.528
KY,Kentucky,11,297.503,11,303.128,11,303.128,12,653.128,15,681.706,20,874.493,23,929.865,25,916.366,25,916.366,25,916.366
LA,Louisiana,9,14.326,9,14.326,9,14.326,9,14.326,11,14.851,12,14.926,14,16.876,14,16.876,15,16.951,15,16.951
MA,Massachusetts,51,363.776,52,372.276,48,333.18,43,314.537,42,316.362,44,323.241,44,321.291,47,329.441,47,332.171,47,332.171
MD,Maryland,15,148.818,18,169.711,19,170.961,20,161.272,18,78.272,18,78.272,20,85.134,22,92.424,22,92.424,22,92.424
ME,Maine,2,0.126,2,0.126,3,0.326,3,0.326,3,0.326,3,0.326,3,0.326,3,0.326,3,0.326,3,0.326
MI,Michigan,27,71.08,29,125.58,29,125.58,30,141.58,30,141.58,32,175.48,35,178.094,35,178.094,36,178.814,36,178.814
MN,Minnesota,29,175.643,29,175.643,29,130.613,31,134.472,34,135.426,41,219.055,41,200.945,43,210.233,47,226.785,49,434.285
MO,Missouri,28,172.606,28,170.804,27,168.164,27,168.164,27,168.164,22,167.274,25,180.074,26,180.885,29,343.54,31,351.74
MS,Mississippi,4,1.075,4,1.075,5,1.15,5,1.15,5,1.15,5,1.15,5,1.15,5,1.15,5,1.15,7,193.15
MT,Montana,9,24.188,9,24.188,9,24.188,9,24.188,10,106.688,10,106.688,10,106.688,10,106.688,11,128.688,11,128.688
NC,North Carolina,64,833.237,68,1405.837,72,1554.587,70,1559.582,73,1565.974,74,1565.229,74,1572.629,76,1590.419,79,1594.719,81,1629.969
ND,North Dakota,3,239.925,3,239.925,3,239.925,3,239.925,3,239.925,4,349.925,8,1232.125,10,1435.625,11,1468.625,12,1568.625
NE,Nebraska,16,69.104,16,69.104,17,173.104,21,439.104,21,439.104,28,910.479,28,910.479,30,971.779,34,1256.079,36,1419.879
NH,New Hampshire,3,1.436,3,1.436,3,1.436,3,1.436,3,1.436,5,4.136,5,4.136,6,5.089,6,5.089,6,5.089
NJ,New Jersey,70,903.327,74,904.602,73,903.492,78,922.402,78,921.057,81,991.455,81,978.543,77,931.632,82,936.671,84,957.416
NM,New Mexico,6,7.118,6,7.118,7,66.918,8,126.718,9,186.518,12,322.618,12,322.618,13,323.068,15,562.268,15,562.268
NV,Nevada,25,227.87,27,395.088,27,395.088,30,550.841,33,757.143,35,760.924,35,768.7,36,824.815,42,1449.626,50,1875.954
NY,New York,71,453.111,77,463.417,77,461.745,78,465.39,75,460.625,74,679.939,74,861.371,73,851.223,78,916.691,78,916.691
OH,Ohio,48,351.442,57,470.912,58,588.183,58,588.183,63,886.046,73,1371.621,82,1788.231,90,1925.207,102,2434.877,114,3204.531
OK,Oklahoma,13,334.795,15,373.995,17,376.699,16,364.099,17,365.899,19,405.335,19,405.335,20,406.28,21,407.698,23,408.453
OR,Oregon,41,686.925,42,869.087,45,1122.037,47,1210.622,55,1787.222,69,2573.272,76,2956.222,89,3781.372,102,4588.372,112,5039.263
PA,Pennsylvania,45,450.08,50,472.655,51,477.305,54,488.518,54,488.518,60,860.938,62,870.776,69,1101.926,75,1512.326,81,1718.276
RI,Rhode Island,3,2.438,3,2.438,4,2.888,4,2.888,4,2.888,4,2.888,4,2.888,5,2.963,6,3.038,6,3.038
SC,South Carolina,14,245.466,15,288.126,15,288.126,17,377.541,17,377.541,20,470.743,23,537.661,28,593.186,29,597.986,32,807.063
SD,South Dakota,2,2.43,3,9.03,3,9.03,3,9.03,3,9.03,3,9.03,3,9.03,4,42.03,4,42.03,4,42.03
TN,Tennessee,44,178.448,47,202.707,47,203.121,47,203.121,47,296.47,50,322.49,54,369.237,58,508.437,61,552.887,67,862.684
TX,Texas,175,2501.866,188,2597.794,195,2696.71,202,3881.356,211,4080.823,222,4968.156,252,6941.26,281,7950.301,312,8942.662,337,10980.776
UT,Utah,14,82.799,15,84.788,18,223.129,21,328.642,23,494.642,26,604.642,31,746.882,33,748.376,35,755.074,38,934.759
VA,Virginia,140,2006.051,158,2428.594,170,3016.485,195,3720.903,201,4071.367,229,4780.28,248,5316.092,277,6466.101,314,8239.624,354,11647.132
VT,Vermont,1,2.534,1,2.534,1,2.534,1,2.534,2,2.984,2,2.984,2,2.984,2,2.984,2,2.984,2,2.984
WA,Washington,69,1022.591,71,1066.341,77,1264.367,80,1376.767,81,1329.968,86,1469.552,90,1629.715,98,1829.243,103,1900.304,106,2110.481
WI,Wisconsin,22,41.196,21,39.396,21,39.396,23,41.706,23,41.706,24,42.606,26,52.294,30,55.859,32,173.984,33,290.984
WV,West Virginia,0,0.0,0,0.0,0,0.0,0,0.0,0,0.0,0,0.0,1,0.075,1,0.075,1,0.075,1,0.075
WY,Wyoming,9,174.3,9,174.3,9,174.3,9,174.3,10,252.3,10,252.3,10,252.3,12,258.25,14,285.825,14,285.825
US,National,1662,19188.207,1770,21661.993,1830,23912.22,1928,27949.232999999997,2002,30331.255999999998,2158,35872.858,2307,42063.41,2480,47661.77099999999,2701,56613.435,2905,68846.51499999998
