outcome,year,bin_lo,bin_hi,n,mean_dose,mean_dY,att_o,att_o_per_gw,states,discrete_acr_vs_prev_bin
emp_5182,2024,0.05,0.2,8,0.10469275000000003,1315.15625,-427.40747549019625,-4082.4935393348264,"CO,ID,MN,MO,MT,OK,WI,WY",
emp_5182,2024,0.2,0.5,5,0.40781019999999996,3954.6,2212.0362745098037,5424.180843220213,"AL,IN,NY,SC,TN",8707.660182546406
emp_5182,2024,0.5,1.0,5,0.6970966000000001,2878.85,1136.2862745098037,1630.026992686241,"KY,NC,NM,UT,WA",-3718.633160770778
emp_5182,2024,1.0,2.0,9,1.3598312222222222,7166.111111111111,5423.5473856209155,3988.397454764872,"AZ,CA,GA,IA,IL,ND,NE,NV,PA",6469.046534396307
emp_5182,2024,2.0,99.0,4,4.66481275,7877.5625,6134.998774509804,1315.1650673459087,"OH,OR,TX,VA",215.2663737782699
emp_5182_cleaned,2024,0.05,0.2,8,0.10469275000000003,1016.1965972345806,-197.69451184556033,-1888.330489413644,"CO,ID,MN,MO,MT,OK,WI,WY",
emp_5182_cleaned,2024,0.2,0.5,5,0.40781019999999996,2600.6583782600674,1386.7672691799264,3400.5212944157024,"AL,IN,NY,SC,TN",5227.220607145802
emp_5182_cleaned,2024,0.5,1.0,5,0.6970966000000001,2275.0713055699243,1061.1801964897834,1522.2857154801547,"KY,NC,NM,UT,WA",-1125.483509387731
emp_5182_cleaned,2024,1.0,2.0,9,1.3598312222222222,5366.752096192275,4152.860987112133,3053.953254820529,"AZ,CA,GA,IA,IL,ND,NE,NV,PA",4665.035878547592
emp_5182_cleaned,2024,2.0,99.0,4,4.66481275,5767.556855402034,4553.665746321893,976.1733193517558,"OH,OR,TX,VA",121.2729196339123
emp_517,2024,0.05,0.2,8,0.10469275000000003,-2988.96875,-643.6452205882351,-6147.944538549565,"CO,ID,MN,MO,MT,OK,WI,WY",
emp_517,2024,0.2,0.5,5,0.40781019999999996,-2427.2,-81.87647058823495,-200.7710218828145,"AL,IN,NY,SC,TN",1853.303892600048
emp_517,2024,0.5,1.0,5,0.6970966000000001,-3269.8,-924.4764705882353,-1326.181293364844,"KY,NC,NM,UT,WA",-2912.6844538837636
emp_517,2024,1.0,2.0,9,1.3598312222222222,-6759.805555555556,-4414.482026143791,-3246.345542007551,"AZ,CA,GA,IA,IL,ND,NE,NV,PA",-5266.06795319246
emp_517,2024,2.0,99.0,4,4.66481275,-3851.625,-1506.3014705882351,-322.9071671929886,"OH,OR,TX,VA",879.9385204161714
