model,term,coef,se,z,pvalue,pseudo_r2,n,n_treated,converged
binary_logit_0.5GW,const,308.37739236199917,149.24660686259097,2.06622715815521,0.03880703563825424,0.7889557372200138,49,18,True
binary_logit_0.5GW,log_emp_5182_2016,5.511645615740227,3.382350700694753,1.6295310875386475,0.1032006393504029,0.7889557372200138,49,18,True
binary_logit_0.5GW,log_emp_517_2016,-10.848255963591821,5.145640803137682,-2.108241981635568,0.035010063620178375,0.7889557372200138,49,18,True
binary_logit_0.5GW,log_emp_23_2016,1.2555068428442828,3.3832906402920964,0.3710904490120567,0.7105701645503613,0.7889557372200138,49,18,True
binary_logit_0.5GW,log_emp_5415_2016,2.924938788741674,3.310295611084594,0.8835883958361468,0.3769184454566694,0.7889557372200138,49,18,True
binary_logit_0.5GW,log_earn_5182_2016,-35.558218651840676,16.06895576520312,-2.2128518599099647,0.026907860538585657,0.7889557372200138,49,18,True
binary_logit_0.5GW,log_cap_2016,41.09847246047983,18.00174800754862,2.2830267618036943,0.022428792015024956,0.7889557372200138,49,18,True
binary_logit_0.5GW,n_neighbors,0.8006125123713385,0.8121571255007812,0.9857852467620422,0.32423850690478506,0.7889557372200138,49,18,True
binary_logit_1GW,const,34.07349980314602,34.152819316796325,0.9976775119818206,0.3184357612567654,0.5996127714925865,49,13,True
binary_logit_1GW,log_emp_5182_2016,-0.431377299919666,1.5071355941754807,-0.2862232844787019,0.7747071109859909,0.5996127714925865,49,13,True
binary_logit_1GW,log_emp_517_2016,-7.336106264412612,3.5211428225037458,-2.0834446752705693,0.037210709652088204,0.5996127714925865,49,13,True
binary_logit_1GW,log_emp_23_2016,5.075455132418658,2.884267238318991,1.7597034924463988,0.07845809335723816,0.5996127714925865,49,13,True
binary_logit_1GW,log_emp_5415_2016,2.2980932654439497,2.1110119638743194,1.088621620706631,0.2763207784148013,0.5996127714925865,49,13,True
binary_logit_1GW,log_earn_5182_2016,-6.262058008398938,4.155236532343917,-1.507028049945111,0.13180346750076596,0.5996127714925865,49,13,True
binary_logit_1GW,log_cap_2016,17.379147991182922,8.222594982420677,2.1135843402646373,0.03455078451575307,0.5996127714925865,49,13,True
binary_logit_1GW,n_neighbors,0.9788911829140146,0.7017081510597444,1.3950118456450287,0.1630122674824821,0.5996127714925865,49,13,True
gps_lognormal,const,17.062185809627714,10.074787920135318,1.6935528514230547,0.10329184185192224,0.578444355141688,32,32,True
gps_lognormal,log_emp_5182_2016,0.18757912661983822,0.42436096266650025,0.44202729073186264,0.6624270251339983,0.578444355141688,32,32,True
gps_lognormal,log_emp_517_2016,-1.223322754299626,0.6158553393394799,-1.9863800411500367,0.05852489561207633,0.578444355141688,32,32,True
gps_lognormal,log_emp_23_2016,0.2842540672875921,0.8928322514780797,0.31837343108631083,0.7529556818734043,0.578444355141688,32,32,True
gps_lognormal,log_emp_5415_2016,0.6529061127293836,0.5285645476663073,1.2352438611557721,0.2286958740268957,0.578444355141688,32,32,True
gps_lognormal,log_earn_5182_2016,-2.1744210512852247,1.0512332017065262,-2.068447845592552,0.04953590412284549,0.578444355141688,32,32,True
gps_lognormal,log_cap_2016,3.5902927904314836,0.7759833724553029,4.6267651058957275,0.00010727782283212889,0.578444355141688,32,32,True
gps_lognormal,n_neighbors,0.041216478005759144,0.1265386786036809,0.3257223677421916,0.7474573387956296,0.578444355141688,32,32,True
