state,subsidy_M,li_cumulative_M,li_endyear_flow_M,ratio_cumulative,ratio_endyear,local_share,li_multiplier
Arizona,1.0379999999999998,2646.6097463229235,656.0822284475383,2549.720372180081,632.0638038993627,0.750258306303893,3.23
California,191.283,35018.98677419963,13667.453845948312,183.0742239205765,71.45148207602512,0.7559506192912943,2.52
Colorado,15.938053,1065.6896974557953,97.36234456260281,66.86448447974136,6.108797891599608,0.804615729311153,2.8
Connecticut,9.601334,1671.9139801604615,635.9284592803958,174.13350896453156,66.23334416659142,0.6444581054210188,3.03
Florida,0.056,8278.931652411207,2998.148004551252,147838.0652216287,53538.357224129504,0.7038417827070031,3.13
Illinois,700.4921225114856,4388.147860183917,1622.7498976973247,6.2643785977935345,2.316585505457583,0.6630368543823968,3.12
Indiana,40.519862,479.5932418308479,199.40573490903674,11.836003830191915,4.921184946509362,0.5074694044599223,4.1
Kansas,0.005076,355.2793496469784,112.76729397973682,69991.99165622113,22215.778955818918,0.5955447923286079,3.06
Maine,0.096733,353.29145175643697,25.784774044304456,3652.2329686501707,266.5561291834685,0.5297301556015733,3.42
Maryland,1.0249840000000001,1105.700984057617,603.8768139495194,1078.7495063899698,589.1573077721401,0.6325104218638187,3.05
Massachusetts,2.4,1617.1722823129846,542.9796783972467,673.821784297077,226.2415326655195,0.6787035876410769,3.12
Minnesota,533.23,2222.077460344055,900.9341195200067,4.167202633655374,1.6895788299983245,0.6543476775195195,3.08
Missouri,19.466601,2067.49306341169,813.7495054821395,106.20719371664781,41.80234163540617,0.7808163902786921,2.49
Nebraska,120.776739,-1042.289139194331,-330.5419417190423,-8.629883103519884,-2.736801344827188,0.6303439130985566,2.86
Nevada,88.13289999999999,757.9094246500383,240.7357144538196,8.59961971806259,2.7315079210353868,0.6096926793111045,2.9
New Hampshire,0.0,473.4078917543506,188.40259735594702,,,0.6606174734253794,3.02
New Jersey,37.858993,3910.958026557688,1924.2394444029533,103.30327662327649,50.82648247941918,0.7233422551709636,2.9
New York,31.510689999999997,7204.958900462745,3002.235742709986,228.6512577307176,95.27673759952532,0.684532813171616,2.53
North Carolina,46.086504999999995,1481.559735001828,615.5069189530705,32.14736580701505,13.355469653276387,0.6590695957726078,3.36
Ohio,499.1,2029.0228095217778,757.3426750587748,4.065363272934838,1.5174167001778698,0.6365229775530452,3.4
Oklahoma,269.92701999999997,226.33890662445222,38.62682611818959,0.838518895309007,0.14310099862618272,0.5322737916352351,4.22
Oregon,130.06768499999998,1960.321663269118,614.5404146047838,15.071550349105685,4.724773986749929,0.7441308596596774,2.57
Pennsylvania,60.567969,2493.341755215598,724.3326939688905,41.1660122731802,11.959005823175126,0.6475752054143606,3.45
Tennessee,4.507255,1869.5364192160337,594.0124494220064,414.783813921341,131.79029130191356,0.6679383357527252,3.16
Texas,754.091,9195.172703475637,3359.811610438358,12.19371760633085,4.455445841998324,0.73439794225511,3.17
Washington,330.058,17630.51203915374,6094.533703109649,53.41640572006659,18.465038578400307,0.7801662814610153,2.9
Virginia,1854.1,4049.451177771768,1780.2231684545466,2.184052196630046,0.960154882937569,0.7795986261110186,2.57
Georgia,70.0,9720.612161250681,3269.4068753466877,138.86588801786687,46.70581250495268,0.78437228119683,2.95
