sample,spec,beta,se,t,p_value,ci95_lo,ci95_hi,r2_within,n_obs,n_units
us50,NAICS 23 Construction,9146.011717841404,4423.815934814912,2.067448522408757,0.039368415452968764,475.3324856041763,17816.69095007863,0.22096335015160617,439,50
us50,NAICS 2362 Nonresidential building,709.2047083319623,205.56254433447114,3.4500677671026203,0.0006233312842884864,306.3021214363988,1112.1072952275258,0.093657528023663,439,50
us50,NAICS 5415 Computer systems design,8683.479737947244,5363.135340952423,1.6191050916878729,0.10625426276246053,-1828.2655303195043,19195.225006213994,0.4060281710564897,439,50
us51,NAICS 23 Construction,9292.113135135154,4392.211105597142,2.1155889167744926,0.03501643964254164,683.3793681647567,17900.84690210555,0.22287272926854707,448,51
us51,NAICS 2362 Nonresidential building,719.593066086411,205.5377866123224,3.501025665142927,0.0005173526031243547,316.7390043262591,1122.447127846563,0.09440465765267514,448,51
us51,NAICS 5415 Computer systems design,8720.922693183571,5339.237599187154,1.6333647887314933,0.10320345654461738,-1743.9830012232505,19185.828387590394,0.40625145635115867,448,51
contig48,NAICS 23 Construction,9006.01973559493,4453.026721514498,2.0224490664030723,0.04384509088010402,278.0873614265147,17733.952109763344,0.21908846288246664,429,48
contig48,NAICS 2362 Nonresidential building,692.9928536592557,204.48926484758113,3.3888960096550176,0.0007768478656076105,292.1938945579967,1093.7918127605149,0.09252430555470725,429,48
contig48,NAICS 5415 Computer systems design,8658.03180625837,5381.260781120346,1.608922547785506,0.10848155859057962,-1889.2393247375076,19205.302937254248,0.4057980124535602,429,48
contig49,NAICS 23 Construction,9159.744962096383,4419.298812539646,2.072669296791121,0.03887676538280105,497.91928951867703,17821.57063467409,0.22114782049747006,438,49
contig49,NAICS 2362 Nonresidential building,704.0797515808242,204.39315092305335,3.444732606749063,0.0006353803248111412,303.46917577163964,1104.6903273900089,0.09335166488941227,438,49
contig49,NAICS 5415 Computer systems design,8697.135687351078,5356.176949503176,1.62375809637092,0.10525663569681343,-1800.9711336751461,19195.2425083773,0.4060446314846675,438,49
us50_inscope_total,NAICS 23 Construction,9146.011717841404,4423.815934814912,2.067448522408757,0.039368415452968764,475.3324856041763,17816.69095007863,0.22096335015160617,439,50
us50_inscope_total,NAICS 2362 Nonresidential building,709.2047083319623,205.56254433447114,3.4500677671026203,0.0006233312842884864,306.3021214363988,1112.1072952275258,0.093657528023663,439,50
us50_inscope_total,NAICS 5415 Computer systems design,8683.479737947244,5363.135340952423,1.6191050916878729,0.10625426276246053,-1828.2655303195043,19195.225006213994,0.4060281710564897,439,50
contig49_matched,NAICS 23 Construction,7847.47902239763,4635.020285983231,1.6930840726046439,0.09175900199187104,-1237.1607381295025,16932.11878292476,0.2585928285221676,291,49
contig49_matched,NAICS 2362 Nonresidential building,1452.0013714334525,783.6094208368546,1.8529656903343372,0.06513559461857987,-83.87309340678257,2987.8758362736876,0.21020665961023344,291,49
contig49_matched,NAICS 5415 Computer systems design,7548.40762502906,5474.252354420817,1.3788928855158142,0.16923326416507445,-3181.1269896357408,18277.94223969386,0.3462564505495992,291,49
