state_abbr,state_name,year,emp_5182,dc_count,dc_capacity_GW,local_share,local_multiplier,spillover_rate,emp_raw_multiplied,emp_cleaned_direct,emp_cleaned_multiplied,emp_state_total
AL,Alabama,2016,1058.25,4,0.001046,0.5788226490325865,5.07,0.0319,14915.366074999998,612.5390683387346,3105.573076477385,3551.2840081386503
AL,Alabama,2017,1555.5,4,0.001046,0.5788226490325865,5.07,0.0319,17866.2362,900.3586305701883,4564.818256990855,5219.959626420667
AL,Alabama,2018,2390.75,6,0.003746,0.5788226490325865,5.07,0.0319,22664.873925,1383.8202481746562,7015.968658245507,8022.898410070851
AL,Alabama,2019,2069.0,8,0.061295999999999996,0.5788226490325865,5.07,0.0319,21318.197275,1197.5840608484216,6071.751188501497,6943.167127653076
AL,Alabama,2020,2098.25,9,0.11329600000000001,0.5788226490325865,5.07,0.0319,22078.95085,1214.5146233326248,6157.589140296408,7041.324516963783
AL,Alabama,2021,2338.25,12,0.21774600000000002,0.5788226490325865,5.07,0.0319,23973.81725,1353.4320591004455,6861.900539639259,7846.718480538813
AL,Alabama,2022,2684.5,13,0.222246,0.5788226490325865,5.07,0.0319,27765.075025,1553.8494013279785,7878.016464732851,9008.667063404873
AL,Alabama,2023,3605.5,14,0.326246,0.5788226490325865,5.07,0.0319,33112.563575,2086.945061086991,10580.811459711043,12099.366398624054
AL,Alabama,2024,3770.25,18,0.482772,0.5788226490325865,5.07,0.0319,33808.90828333333,2182.3060925151094,11064.291889051605,12652.235796536495
AZ,Arizona,2016,8529.25,49,0.825499,0.750258306303893,5.61,0.0472,61626.9259,6399.1406590424795,35899.17909722831,38029.28843818584
AZ,Arizona,2017,8998.25,56,0.934714,0.750258306303893,5.61,0.0472,64895.310300000005,6751.011804699006,37873.17622436142,40120.41441966242
AZ,Arizona,2018,9473.75,50,0.938286,0.750258306303893,5.61,0.0472,68414.2353,7107.759629346507,39874.53152063391,42240.5218912874
AZ,Arizona,2019,9851.0,54,1.044262,0.750258306303893,5.61,0.0472,70918.7098,7390.79457539965,41462.35756799204,43922.56299259239
AZ,Arizona,2020,9956.75,58,1.0780260000000002,0.750258306303893,5.61,0.0472,72414.56109999999,7470.134391291287,41907.45393514412,44394.069543852835
AZ,Arizona,2021,11760.25,63,1.2236289999999999,0.750258306303893,5.61,0.0472,83461.6821,8823.225246710357,49498.293634045105,52435.31838733476
AZ,Arizona,2022,12901.75,70,1.4602490000000001,0.750258306303893,5.61,0.0472,92840.1355,9679.645103356252,54302.809029828575,57524.91392647233
AZ,Arizona,2023,12743.0,76,1.758632,0.750258306303893,5.61,0.0472,93003.72460000002,9560.541597230509,53634.638360463156,56817.09676323265
AZ,Arizona,2024,11946.5,88,2.392509,0.750258306303893,5.61,0.0472,88375.15493333334,8962.960856259459,50282.210403615565,53265.74954735611
AR,Arkansas,2016,1292.25,3,0.002184,0.7225985656863811,4.5,0.0194,11618.44585,933.777996508226,4202.000984287017,4560.472987778791
AR,Arkansas,2017,1392.25,3,0.002184,0.7225985656863811,4.5,0.0194,12337.54325,1006.0378530768642,4527.170338845889,4913.382485769024
AR,Arkansas,2018,1382.25,3,0.002184,0.7225985656863811,4.5,0.0194,12651.88945,998.8118674200003,4494.653403390002,4878.091535970001
AR,Arkansas,2019,1616.25,3,0.002184,0.7225985656863811,4.5,0.0194,13867.185000000001,1167.8999317906134,5255.54969305776,5703.899761267147
AR,Arkansas,2020,3430.25,3,0.002184,0.7225985656863811,4.5,0.0194,22368.0263,2478.693729945709,11154.12178475569,12105.678054809981
AR,Arkansas,2021,3765.75,3,0.002184,0.7225985656863811,4.5,0.0194,24288.29,2721.1255487334897,12245.064969300704,13289.689420567214
AR,Arkansas,2022,4499.0,3,0.002184,0.7225985656863811,4.5,0.0194,28818.46185,3250.9709470230287,14629.36926160363,15877.398314580601
AR,Arkansas,2023,4652.5,3,0.002184,0.7225985656863811,4.5,0.0194,29936.43865,3361.8898268558883,15128.504220851497,16419.11439399561
AR,Arkansas,2024,4300.5,3,0.002184,0.7225985656863811,4.5,0.0194,28277.968516666668,3107.535131734282,13983.90809280427,15176.872961069988
CA,California,2016,38885.5,210,2.1179789999999996,0.7559506192912943,5.64,0.335,306932.465,29395.517806451622,165790.72042838714,175280.70262193552
CA,California,2017,43195.0,216,2.297327,0.7559506192912943,5.64,0.335,334474.64749999996,32653.287000287455,184164.53868162123,194706.2516813338
CA,California,2018,48080.25,220,2.460302,0.7559506192912943,5.64,0.335,366592.75375,36346.29476318025,204993.1024643366,216727.05770115633
CA,California,2019,51296.75,225,2.496119,0.7559506192912943,5.64,0.335,386537.2025,38777.8099301307,218706.84800593715,231225.78807580643
CA,California,2020,54064.75,233,2.574047,0.7559506192912943,5.64,0.335,407662.99,40870.281244329,230508.38621801557,243702.85497368654
CA,California,2021,54887.75,245,2.7023029999999997,0.7559506192912943,5.64,0.335,419230.165,41492.428604005734,234017.29732659232,247412.6187225866
CA,California,2022,70387.75,256,2.938265,0.7559506192912943,5.64,0.335,522952.4375,53209.6632030208,300102.5004650373,317280.5872620165
CA,California,2023,80032.25,269,3.079621,0.7559506192912943,5.64,0.335,581545.3025,60500.428950775684,341222.41928237485,360754.24033159914
CA,California,2024,76245.75,285,3.473613,0.7559506192912943,5.64,0.335,560054.0466666666,57638.0219308292,325078.44368987664,343686.1717590474
CO,Colorado,2016,10264.0,35,0.45452,0.804615729311153,5.44,0.0444,68719.64140000001,8258.575845649675,44926.65260033424,46932.07675468455
CO,Colorado,2017,11401.75,37,0.466028,0.804615729311153,5.44,0.0444,75478.79770000001,9174.027391673439,49906.70901070351,52134.43161903007
CO,Colorado,2018,12782.25,37,0.47824700000000003,0.804615729311153,5.44,0.0444,83749.4007,10284.799405987485,55949.30876857192,58446.75936258444
CO,Colorado,2019,13938.75,41,0.485163,0.804615729311153,5.44,0.0444,90371.24100000001,11215.337496935834,61011.43598333094,63734.8484863951
CO,Colorado,2020,15322.75,45,0.487058,0.804615729311153,5.44,0.0444,98692.49680000001,12328.92566630247,67069.35562468544,70063.17995838297
CO,Colorado,2021,15541.0,51,0.502143,0.804615729311153,5.44,0.0444,100824.50890000002,12504.533049224628,68024.65978778199,71061.12673855736
CO,Colorado,2022,17025.25,53,0.521123,0.804615729311153,5.44,0.0444,111681.7876,13698.783945454708,74521.38466327362,77847.8507178189
CO,Colorado,2023,16268.5,54,0.5220410000000001,0.804615729311153,5.44,0.0444,108583.2595,13089.890992298493,71209.00699810381,74387.6160058053
CO,Colorado,2024,15572.5,55,0.524141,0.804615729311153,5.44,0.0444,104641.85630000001,12529.87844469793,68162.53873915675,71205.16029445881
CT,Connecticut,2016,1525.0,7,0.042696,0.6444581054210188,4.97,0.0267,15560.08025,982.7986107670537,4884.509095512257,5426.710484745203
CT,Connecticut,2017,1547.5,10,0.046171,0.6444581054210188,4.97,0.0267,16044.3302,997.2989181390266,4956.575623150962,5506.7767050119355
CT,Connecticut,2018,1913.0,10,0.046171,0.6444581054210188,4.97,0.0267,18345.403449999998,1232.8483556704089,6127.256327681932,6807.407972011523
CT,Connecticut,2019,2049.5,10,0.046171,0.6444581054210188,4.97,0.0267,19249.777224999998,1320.816887060378,6564.4599286900775,7293.143041629701
CT,Connecticut,2020,2421.75,11,0.046621,0.6444581054210188,4.97,0.0267,21603.321600000003,1560.7164168033523,7756.7605915126605,8617.794174709308
CT,Connecticut,2021,3175.25,12,0.048648000000000004,0.6444581054210188,4.97,0.0267,25902.04135,2046.3155992380898,10170.188528213306,11299.122928975217
CT,Connecticut,2022,3803.25,12,0.048648000000000004,0.6444581054210188,4.97,0.0267,30719.5992,2451.0352894424896,12181.645388529172,13533.860099086683
CT,Connecticut,2023,3889.0,12,0.048648000000000004,0.6444581054210188,4.97,0.0267,31735.573024999998,2506.297571982342,12456.29893275224,13839.001360769898
CT,Connecticut,2024,4339.75,12,0.048648000000000004,0.6444581054210188,4.97,0.0267,33851.8747,2796.787063000866,13900.031703114304,15442.994640113438
DE,Delaware,2016,850.5,2,0.015,0.5425968690996279,4.7,0.0072,6154.340400000001,461.47863716923354,2168.9495946953975,2557.970957526164
DE,Delaware,2017,749.0,2,0.015,0.5425968690996279,4.7,0.0072,5778.6124,406.4050549556213,1910.1037582914203,2252.698703335799
DE,Delaware,2018,451.5,2,0.015,0.5425968690996279,4.7,0.0072,4515.798000000001,244.982486398482,1151.4176860728655,1357.9351996743835
DE,Delaware,2019,384.75,2,0.015,0.5425968690996279,4.7,0.0072,4264.4718,208.76414538608182,981.1914833145846,1157.1773379285028
DE,Delaware,2020,452.25,2,0.015,0.5425968690996279,4.7,0.0072,4719.6810000000005,245.3894340503067,1153.3303400364416,1360.190905986135
DE,Delaware,2021,443.25,2,0.015,0.5425968690996279,4.7,0.0072,4832.217000000001,240.50606222841006,1130.3784924735273,1333.1224302451174
DE,Delaware,2022,493.5,2,0.015,0.5425968690996279,4.7,0.0072,5530.0074,267.7715549006664,1258.5263080331322,1484.2547531324656
DE,Delaware,2023,515.0,2,0.015,0.5425968690996279,4.7,0.0072,5790.566199999999,279.4373875863084,1313.3557216556494,1548.918334069341
DE,Delaware,2024,501.0,2,0.015,0.5425968690996279,4.7,0.0072,5694.6942,271.8410314189136,1277.6528476688939,1506.8118162499802
DC,DC,2016,612.25,8,0.034555999999999996,0.6517012127511631,3.41,0.0106,5265.86715,399.0040675068996,1360.6038701985278,1573.8498026916282
DC,DC,2017,564.25,9,0.035356,0.6517012127511631,3.41,0.0106,5250.78855,367.72240929484377,1253.9334156954174,1450.4610064005738
DC,DC,2018,883.25,9,0.035356,0.6517012127511631,3.41,0.0106,6531.434950000001,575.6150961624649,1962.8474779140051,2270.4823817515403
DC,DC,2019,1092.5,11,0.06896899999999999,0.6517012127511631,3.41,0.0106,7333.91675,711.9835749306457,2427.863990513502,2808.3804155828566
DC,DC,2020,1332.0,11,0.06896899999999999,0.6517012127511631,3.41,0.0106,8351.89515,868.0660153845492,2960.105112461313,3424.039097076764
DC,DC,2021,1545.0,11,0.06896899999999999,0.6517012127511631,3.41,0.0106,9303.82495,1006.878373700547,3433.455254318865,3971.5768806183187
DC,DC,2022,1700.5,11,0.06896899999999999,0.6517012127511631,3.41,0.0106,10512.56475,1108.217912283353,3779.0230808862334,4371.305168602881
DC,DC,2023,1676.0,11,0.06896899999999999,0.6517012127511631,3.41,0.0106,10664.33975,1092.2512325709495,3724.5767030669376,4308.325470495988
DC,DC,2024,1604.25,11,0.045304000000000004,0.6517012127511631,3.41,0.0106,10376.011733333333,1045.4916705560534,3565.126596596142,4123.884926040089
FL,Florida,2016,16343.0,66,0.378304,0.7038417827070031,6.03,0.1682,146332.1439,11502.886254780553,69362.40411632674,74202.51786154619
FL,Florida,2017,18516.5,68,0.385804,0.7038417827070031,6.03,0.1682,161422.6884,13032.686369494224,78587.09880805017,84070.91243855596
FL,Florida,2018,19502.0,71,0.375104,0.7038417827070031,6.03,0.1682,170313.3789,13726.322446351975,82769.72435150242,88545.40190515046
FL,Florida,2019,20160.0,76,0.392857,0.7038417827070031,6.03,0.1682,175616.92125,14189.450339373183,85562.3855464203,91532.93520704714
FL,Florida,2020,20654.5,76,0.392857,0.7038417827070031,6.03,0.1682,181749.81505,14537.500100921796,87661.12560855843,93778.12550763665
FL,Florida,2021,22582.75,81,0.398384,0.7038417827070031,6.03,0.1682,196668.45810000002,15894.683018426575,95844.93860111226,102533.0055826857
FL,Florida,2022,28093.75,86,0.410233,0.7038417827070031,6.03,0.1682,239765.1386,19773.55508292487,119234.53715003698,127554.73206711211
FL,Florida,2023,29564.75,89,0.415454,0.7038417827070031,6.03,0.1682,252117.76549999998,20808.906345286872,125477.70526207985,134233.548916793
FL,Florida,2024,29463.75,93,0.420768,0.7038417827070031,6.03,0.1682,250820.85356666666,20737.818325233464,125049.0445011578,133774.97617592436
GA,Georgia,2016,9064.75,61,0.9129360000000001,0.78437228119683,5.85,0.0799,76309.070725,7110.138635978965,41594.31102047694,43548.92238449798
GA,Georgia,2017,10911.5,63,0.9260109999999999,0.78437228119683,5.85,0.0799,88081.2858,8558.678146279211,50068.26715573338,52421.089009454176
GA,Georgia,2018,11826.75,67,1.153411,0.78437228119683,5.85,0.0799,94841.558525,9276.574876644609,54267.963028370956,56818.13815172636
GA,Georgia,2019,12587.0,70,1.500991,0.78437228119683,5.85,0.0799,99915.397075,9872.8939034245,57756.42933503332,60470.53543160883
GA,Georgia,2020,15097.25,70,1.5638800000000002,0.78437228119683,5.85,0.0799,115936.14774999999,11841.864422298842,69274.90687044822,72530.29244814938
GA,Georgia,2021,18416.75,71,1.631626,0.78437228119683,5.85,0.0799,136807.5251,14445.588209731719,84506.69102693055,88477.85281719884
GA,Georgia,2022,21791.5,79,2.081954,0.78437228119683,5.85,0.0799,161406.833725,17092.64856570072,99991.99410934921,104690.8455436485
GA,Georgia,2023,24943.0,85,2.373645,0.78437228119683,5.85,0.0799,181363.126325,19564.59780989253,114452.89718787129,119831.29937797878
GA,Georgia,2024,23823.0,91,2.55925,0.78437228119683,5.85,0.0799,174565.78005833333,18686.10085495208,109313.69000146967,114450.5891465176
ID,Idaho,2016,549.5,8,0.0115,0.5562483217200134,5.17,0.0135,6889.3355,305.65845278514735,1580.2542008992118,1824.0957481140645
ID,Idaho,2017,561.25,8,0.0115,0.5562483217200134,5.17,0.0135,7138.532874999999,312.19437056535753,1614.0448958228985,1863.1005252575408
ID,Idaho,2018,557.25,9,0.018406,0.5562483217200134,5.17,0.0135,7367.832375,309.96937727847745,1602.5416805297284,1849.822303251251
ID,Idaho,2019,648.25,9,0.018406,0.5562483217200134,5.17,0.0135,7953.1705,360.58797455499865,1864.239828449343,2151.9018538943446
ID,Idaho,2020,634.0,11,0.027406,0.5562483217200134,5.17,0.0135,8139.275125,352.66143597048847,1823.2596239674253,2104.598187996937
ID,Idaho,2021,687.75,10,0.0205,0.5562483217200134,5.17,0.0135,8706.633,382.5597832629392,1977.8340794693956,2283.0242962064567
ID,Idaho,2022,934.5,10,0.0205,0.5562483217200134,5.17,0.0135,10845.206624999999,519.8140566473525,2687.4386728668123,3102.1246162194598
ID,Idaho,2023,1121.5,10,0.0205,0.5562483217200134,5.17,0.0135,12108.841375,623.832492808995,3225.213987822504,3722.8814950135093
ID,Idaho,2024,1254.5,11,0.135629,0.5562483217200134,5.17,0.0135,12738.081875,697.8135195977568,3607.6958963204024,4164.382376722646
IL,Illinois,2016,9607.25,66,1.2504380000000002,0.6630368543823968,5.7,0.0971,83000.456775,6369.960819265281,36308.776669812105,39546.065850546824
IL,Illinois,2017,9653.5,70,1.3377929999999998,0.6630368543823968,5.7,0.0971,84616.175,6400.626273780467,36483.569760548664,39736.4434867682
IL,Illinois,2018,10267.5,77,1.455307,0.6630368543823968,5.7,0.0971,89853.9679,6807.730902371259,38804.066143516175,42263.835241144916
IL,Illinois,2019,10552.75,83,1.599337,0.6630368543823968,5.7,0.0971,92287.23085,6996.862165083838,39882.114340977874,43438.002175894035
IL,Illinois,2020,10947.75,88,1.6825809999999999,0.6630368543823968,5.7,0.0971,96367.46370000001,7258.761722564885,41374.941818619845,45063.93009605496
IL,Illinois,2021,11923.5,91,1.752716,0.6630368543823968,5.7,0.0971,103921.75497499999,7905.719933228508,45062.6036194025,49080.38368617399
IL,Illinois,2022,14183.0,94,1.869585,0.6630368543823968,5.7,0.0971,122811.783375,9403.851705705534,53601.95472252155,58381.10301681601
IL,Illinois,2023,15248.25,100,2.132535,0.6630368543823968,5.7,0.0971,130933.51365000001,10110.151714836382,57627.86477456738,62765.963059730995
IL,Illinois,2024,15356.0,109,2.805081,0.6630368543823968,5.7,0.0971,131130.31239166667,10181.593935896086,58035.08543460769,63209.4914987116
IN,Indiana,2016,3177.5,20,0.15122,0.5074694044599223,5.34,0.0493,31622.521499999995,1612.4840326714032,8610.664734465292,10175.680701793888
IN,Indiana,2017,3104.25,20,0.15122,0.5074694044599223,5.34,0.0493,31923.748025,1575.3118987947137,8412.16553956377,9941.103640769057
IN,Indiana,2018,2891.25,22,0.16172,0.5074694044599223,5.34,0.0493,31709.519825,1467.2209156447502,7834.959689542966,9258.988773898216
IN,Indiana,2019,2887.25,25,0.1707,0.5074694044599223,5.34,0.0493,32112.324699999997,1465.1910380269105,7824.120143063702,9246.179105036792
IN,Indiana,2020,2759.25,26,0.170763,0.5074694044599223,5.34,0.0493,32383.080149999998,1400.2349542560405,7477.254655727256,8836.269701471216
IN,Indiana,2021,2568.0,28,0.192881,0.5074694044599223,5.34,0.0493,32430.986575,1303.1814306530805,6958.988839687449,8223.807409034369
IN,Indiana,2022,3452.75,31,0.35938099999999995,0.5074694044599223,5.34,0.0493,40275.19395,1752.1649862489967,9356.561026569641,11057.146040320644
IN,Indiana,2023,3725.5,32,0.360506,0.5074694044599223,5.34,0.0493,42811.48452499999,1890.5772663154405,10095.682602124452,11930.60533580901
IN,Indiana,2024,3709.5,36,0.518006,0.5074694044599223,5.34,0.0493,42520.23345833333,1882.4577558440817,10052.324416207395,11879.366660363314
IA,Iowa,2016,3091.25,27,0.8223400000000001,0.620383751005733,4.37,0.0241,20674.686625000002,1917.761270296472,8380.616751195583,9554.10548089911
IA,Iowa,2017,3053.25,32,1.0516990000000002,0.620383751005733,4.37,0.0241,20846.243524999998,1894.186687758254,8277.595825503571,9436.659137745317
IA,Iowa,2018,3543.5,36,1.1427,0.620383751005733,4.37,0.0241,23422.9843,2198.3298216888147,9606.701320780121,10951.871499091305
IA,Iowa,2019,3459.25,42,1.284968,0.620383751005733,4.37,0.0241,23264.0962,2146.0624906665817,9378.293084212963,10691.48059354638
IA,Iowa,2020,3277.5,46,1.330798,0.620383751005733,4.37,0.0241,22937.635725,2033.3077439212898,8885.554840936036,10129.747097014746
IA,Iowa,2021,3296.5,47,1.3310229999999998,0.620383751005733,4.37,0.0241,23538.261425,2045.0950351903987,8937.065303782043,10188.470268591644
IA,Iowa,2022,3422.75,52,1.409713,0.620383751005733,4.37,0.0241,25633.27165,2123.4184837548723,9279.338774008793,10578.67029025392
IA,Iowa,2023,3239.75,60,1.812809,0.620383751005733,4.37,0.0241,25372.4015,2009.8882573208234,8783.211684491998,10013.073427171174
IA,Iowa,2024,3348.5,72,2.237543,0.620383751005733,4.37,0.0241,25744.023058333332,2077.3549902426967,9078.041307360585,10349.186317117888
KS,Kansas,2016,1648.75,9,0.064229,0.5955447923286079,4.81,0.0217,14414.094874999999,981.9044763517923,4722.960531252121,5389.806054900328
KS,Kansas,2017,1727.75,8,0.057929,0.5955447923286079,4.81,0.0217,15095.541275,1028.9525149457522,4949.261596889068,5648.0590819433155
KS,Kansas,2018,1797.0,8,0.057929,0.5955447923286079,4.81,0.0217,15828.863150000001,1070.1939918145083,5147.633100627784,5874.439108813276
KS,Kansas,2019,1921.25,8,0.057929,0.5955447923286079,4.81,0.0217,16610.424,1144.190432261338,5503.555979177035,6280.6155469156965
KS,Kansas,2020,1928.75,8,0.057929,0.5955447923286079,4.81,0.0217,17063.594699999998,1148.6570182038024,5525.040257560289,6305.133239356487
KS,Kansas,2021,2051.75,10,0.06652899999999999,0.5955447923286079,4.81,0.0217,18119.018799999998,1221.9090276602212,5877.382423045664,6707.223395385442
KS,Kansas,2022,2529.5,10,0.065604,0.5955447923286079,4.81,0.0217,21798.977075,1506.4305521952137,7245.930956058977,8269.000403863763
KS,Kansas,2023,2458.5,10,0.068528,0.5955447923286079,4.81,0.0217,21940.216125,1464.1468719398824,7042.546454030834,8036.899582090951
KS,Kansas,2024,2438.5,10,0.068528,0.5955447923286079,4.81,0.0217,21753.512658333333,1452.2359760933105,6985.255045008823,7971.5190689155115
KY,Kentucky,2016,3859.0,11,0.29750299999999996,0.6146211423858913,4.99,0.0301,28183.27235,2371.8229884671546,11835.396712451102,13322.573723983947
KY,Kentucky,2017,3987.75,11,0.303128,0.6146211423858913,4.99,0.0301,29242.386575,2450.955460549338,12230.267748141197,13767.06228759186
KY,Kentucky,2018,4064.75,11,0.303128,0.6146211423858913,4.99,0.0301,30181.540175000002,2498.2812885130515,12466.423629680128,14032.892341167077
KY,Kentucky,2019,4100.5,12,0.653128,0.6146211423858913,4.99,0.0301,30617.709075000002,2520.253994353347,12576.067431823201,14156.313437469857
KY,Kentucky,2020,4525.75,15,0.681706,0.6146211423858913,4.99,0.0301,33305.6844,2781.6216351529474,13880.291959413209,15624.420324260262
KY,Kentucky,2021,4617.0,20,0.8744930000000001,0.6146211423858913,4.99,0.0301,34405.304875,2837.70581439566,14160.152013834344,15939.446199438684
KY,Kentucky,2022,4161.5,23,0.929865,0.6146211423858913,4.99,0.0301,34077.391775000004,2557.7458840388867,12763.151961354046,14366.906077315158
KY,Kentucky,2023,4146.25,25,0.916366,0.6146211423858913,4.99,0.0301,34669.23585,2548.372911617502,12716.380828971334,14314.257917353832
KY,Kentucky,2024,3925.0,25,0.916366,0.6146211423858913,4.99,0.0301,33445.718908333336,2412.387983864623,12037.816039484469,13550.428055619848
LA,Louisiana,2016,1986.25,9,0.014326,0.5854621821721855,4.86,0.0298,18546.87325,1162.8742593395034,5651.568900389987,6474.944641050483
LA,Louisiana,2017,2304.5,9,0.014326,0.5854621821721855,4.86,0.0298,20500.4202,1349.1975988158015,6557.100330244795,7512.402731428993
LA,Louisiana,2018,1752.0,9,0.014326,0.5854621821721855,4.86,0.0298,18383.422100000003,1025.7297431656689,4985.046551785151,5711.316808619482
LA,Louisiana,2019,2520.25,9,0.014326,0.5854621821721855,4.86,0.0298,22350.4958,1475.5110646194505,7170.98377405053,8215.722709431078
LA,Louisiana,2020,2686.25,11,0.014851000000000001,0.5854621821721855,4.86,0.0298,23725.3183,1572.6977868600331,7643.311244139762,8756.86345727973
LA,Louisiana,2021,2947.75,12,0.014926,0.5854621821721855,4.86,0.0298,25628.9964,1725.7961474980598,8387.36927684057,9609.32312934251
LA,Louisiana,2022,3329.5,14,0.016876000000000002,0.5854621821721855,4.86,0.0298,29384.99755,1949.2963355422917,9473.580190735538,10853.783855193245
LA,Louisiana,2023,3581.0,14,0.016876000000000002,0.5854621821721855,4.86,0.0298,31260.622750000002,2096.540074358596,10189.184761382778,11673.644687024182
LA,Louisiana,2024,3531.5,15,0.016951,0.5854621821721855,4.86,0.0298,30896.645983333336,2067.559696341073,10048.340124217615,11512.280427876542
ME,Maine,2016,474.5,2,0.000126,0.5297301556015733,5.12,0.0101,5459.0158,251.35695883294653,1286.9476292246864,1510.0906703917399
ME,Maine,2017,533.5,2,0.000126,0.5297301556015733,5.12,0.0101,5901.607,282.6110380134394,1446.9685146288098,1697.8574766153704
ME,Maine,2018,537.5,3,0.000326,0.5297301556015733,5.12,0.0101,6109.0279,284.72995863584566,1457.8173882155297,1710.587429579684
ME,Maine,2019,561.75,3,0.000326,0.5297301556015733,5.12,0.0101,6319.80045,297.57591490918384,1523.5886843350213,1787.7627694258374
ME,Maine,2020,592.5,3,0.000326,0.5297301556015733,5.12,0.0101,6671.137725,313.8651171939322,1606.9894000329327,1885.6242828390007
ME,Maine,2021,736.75,3,0.000326,0.5297301556015733,5.12,0.0101,7625.350399999999,390.27869213945917,1998.226903754031,2344.698211614572
ME,Maine,2022,1284.75,3,0.000326,0.5297301556015733,5.12,0.0101,11073.62695,680.5708174091213,3484.5225851347013,4088.70176772558
ME,Maine,2023,1335.0,3,0.000326,0.5297301556015733,5.12,0.0101,11554.371975,707.1897577281004,3620.811559567874,4248.621801839774
ME,Maine,2024,701.75,3,0.000326,0.5297301556015733,5.12,0.0101,8276.202066666667,371.7381366934041,1903.299259870229,2233.311123176825
MD,Maryland,2016,3966.0,15,0.148818,0.6325104218638187,5.15,0.0422,32935.7863,2508.5363331119047,12918.96211552631,14376.425782414408
MD,Maryland,2017,3566.25,18,0.169711,0.6325104218638187,5.15,0.0422,31483.51945,2255.690291971843,11616.805003654994,12927.364711683153
MD,Maryland,2018,3381.5,19,0.170961,0.6325104218638187,5.15,0.0422,31321.102000000003,2138.8339915325028,11014.99505639239,12257.661064859889
MD,Maryland,2019,3424.75,20,0.161272,0.6325104218638187,5.15,0.0422,31904.923800000004,2166.190067278113,11155.878846482283,12414.43877920417
MD,Maryland,2020,3584.0,18,0.07827200000000001,0.6325104218638187,5.15,0.0422,33529.783650000005,2266.9173519599262,11674.62436259362,12991.707010633696
MD,Maryland,2021,3511.25,18,0.07827200000000001,0.6325104218638187,5.15,0.0422,34065.322400000005,2220.902218769333,11437.646426662066,12727.994207892736
MD,Maryland,2022,4044.25,20,0.085134,0.6325104218638187,5.15,0.0422,39495.4795,2558.0302736227486,13173.855909157157,14660.07563553441
MD,Maryland,2023,4882.75,22,0.092424,0.6325104218638187,5.15,0.0422,44714.1759,3088.3902623555605,15905.209851131138,17699.56958877558
MD,Maryland,2024,5241.75,22,0.092424,0.6325104218638187,5.15,0.0422,46371.02996666667,3315.4615038046713,17074.626744594058,19000.91524078939
MA,Massachusetts,2016,8722.0,51,0.363776,0.6787035876410769,5.16,0.0582,61983.0711,5919.652691405472,30545.407887652236,33347.75519624676
MA,Massachusetts,2017,8586.5,52,0.372276,0.6787035876410769,5.16,0.0582,62104.8894,5827.688355280106,30070.87191324535,32829.68355796524
MA,Massachusetts,2018,8774.25,48,0.33318000000000003,0.6787035876410769,5.16,0.0582,64140.20895,5955.114953859718,30728.39316191615,33547.52820805643
MA,Massachusetts,2019,7777.75,43,0.31453699999999996,0.6787035876410769,5.16,0.0582,59556.77070000001,5278.786828775385,27238.54003648099,29737.503207705602
MA,Massachusetts,2020,8615.5,42,0.31636200000000003,0.6787035876410769,5.16,0.0582,64949.902350000004,5847.370759321698,30172.43311809996,32940.56235877826
MA,Massachusetts,2021,8857.25,44,0.323241,0.6787035876410769,5.16,0.0582,67434.3297,6011.447351633928,31019.068334431067,33864.87098279714
MA,Massachusetts,2022,9850.5,44,0.321291,0.6787035876410769,5.16,0.0582,76236.00825,6685.569690058427,34497.539600701486,37662.469910643056
MA,Massachusetts,2023,9967.0,47,0.329441,0.6787035876410769,5.16,0.0582,78120.98205,6764.638658018613,34905.53547537604,38107.896817357425
MA,Massachusetts,2024,9844.333333333334,47,0.332171,0.6787035876410769,5.16,0.0582,77251.26445,6681.384351267975,34475.943252542755,37638.8922346081
MI,Michigan,2016,6360.75,27,0.07108,0.6584337418893697,5.48,0.0663,54353.867025,4188.132423722808,22950.96568200099,25123.583258278184
MI,Michigan,2017,6130.25,29,0.12558,0.6584337418893697,5.48,0.0663,54032.286475,4036.363446217308,22119.27168527085,24213.158239053544
MI,Michigan,2018,7315.25,29,0.12558,0.6584337418893697,5.48,0.0663,61674.932875,4816.607430356211,26395.008718352037,28893.65128799583
MI,Michigan,2019,7864.0,30,0.14158,0.6584337418893697,5.48,0.0663,65215.864174999995,5177.922946218003,28375.017745274657,31061.09479905666
MI,Michigan,2020,8106.0,30,0.14158,0.6584337418893697,5.48,0.0663,67800.829125,5337.263911755231,29248.206236418668,32016.94232466344
MI,Michigan,2021,8569.75,32,0.17548,0.6584337418893697,5.48,0.0663,71736.6173,5642.612559556425,30921.516826369214,33848.654266812795
MN,Minnesota,2016,8627.25,29,0.175643,0.6543476775195195,5.55,0.0446,60895.75165,5645.221000880275,31330.976554885525,34313.00555400524
MN,Minnesota,2017,8780.5,29,0.175643,0.6543476775195195,5.55,0.0446,62362.5608,5745.4997824601405,31887.523792653777,34922.524010193636
MN,Minnesota,2018,9029.25,29,0.130613,0.6543476775195195,5.55,0.0446,64557.70885,5908.268767243121,32790.89165819932,35911.8728909562
MN,Minnesota,2019,5390.25,31,0.134472,0.6543476775195195,5.55,0.0446,44907.1071,3527.0975687495898,19575.391506560223,21438.54393781063
MN,Minnesota,2020,5533.5,34,0.135426,0.6543476775195195,5.55,0.0446,46553.34675,3620.8328735542614,20095.62244822615,22008.289574671882
MN,Minnesota,2021,6206.5,41,0.219055,0.6543476775195195,5.55,0.0446,51217.20255,4061.208860524898,22539.709175913184,24685.00031538828
MN,Minnesota,2022,7180.75,41,0.20094499999999998,0.6543476775195195,5.55,0.0446,59442.5306,4698.70708534829,26077.82432368301,28559.86723833471
MN,Minnesota,2023,7321.75,43,0.210233,0.6543476775195195,5.55,0.0446,61207.8193,4790.970107878542,26589.884098725906,29120.66399084736
MN,Minnesota,2024,7975.75,47,0.226785,0.6543476775195195,5.55,0.0446,64621.447166666665,5218.913488976307,28964.969863818504,31721.806374842192
MS,Mississippi,2016,941.5,4,0.001075,0.43659259221895036,4.9,0.0193,10393.526300000001,411.05192557414176,2014.1544353132947,2544.602509739153
MS,Mississippi,2017,985.0,4,0.001075,0.43659259221895036,4.9,0.0193,10875.477050000001,430.0437033356661,2107.2141463447642,2662.170443009098
MS,Mississippi,2018,967.75,5,0.00115,0.43659259221895036,4.9,0.0193,11148.585875,422.51248111988923,2070.3111574874574,2615.548676367568
MS,Mississippi,2019,962.75,5,0.00115,0.43659259221895036,4.9,0.0193,11290.15755,420.3295181587945,2059.6146389780934,2602.0351208192988
MS,Mississippi,2020,985.0,5,0.00115,0.43659259221895036,4.9,0.0193,11769.863175,430.0437033356661,2107.2141463447642,2662.170443009098
MS,Mississippi,2021,1012.5,5,0.00115,0.43659259221895036,4.9,0.0193,12318.955225000002,442.0499996216872,2166.0449981462675,2736.4949985245808
MS,Mississippi,2022,1130.25,5,0.00115,0.43659259221895036,4.9,0.0193,14132.013200000001,493.45877735546867,2417.9480090417965,3054.739231686328
MS,Mississippi,2023,1189.0,5,0.00115,0.43659259221895036,4.9,0.0193,14846.741475,519.1085921483319,2543.632101526827,3213.523509378495
MS,Mississippi,2024,974.75,5,0.00115,0.43659259221895036,4.9,0.0193,13720.171633333335,425.56862926542186,2085.2862834005673,2634.4676541351455
MO,Missouri,2016,9996.25,28,0.17260599999999998,0.7808163902786921,5.06,0.0433,63156.91462499999,7805.235841323376,39494.49335709628,41685.50751577291
MO,Missouri,2017,10601.5,28,0.170804,0.7808163902786921,5.06,0.0433,66798.2166,8277.824961539554,41885.79430539014,44209.46934385059
MO,Missouri,2018,11000.0,27,0.16816399999999998,0.7808163902786921,5.06,0.0433,69598.98444999999,8588.980293065613,43460.240282912,45871.25998984639
MO,Missouri,2019,11078.5,27,0.16816399999999998,0.7808163902786921,5.06,0.0433,70365.164575,8650.27437970249,43770.3883612946,46198.61398159211
MO,Missouri,2020,11877.5,27,0.16816399999999998,0.7808163902786921,5.06,0.0433,75206.101925,9274.146675535165,46927.18217820793,49530.53550267277
MO,Missouri,2021,12093.0,22,0.167274,0.7808163902786921,5.06,0.0433,77217.977575,9442.412607640223,47778.607794659525,50429.19518701931
MO,Missouri,2022,13118.0,25,0.180074,0.7808163902786921,5.06,0.0433,85138.374625,10242.749407675883,51828.312002839964,54703.56259516408
MO,Missouri,2023,14323.75,26,0.180885,0.7808163902786921,5.06,0.0433,92147.45979999998,11184.218770254416,56592.14697748734,59731.67820723293
MO,Missouri,2024,14302.5,29,0.34354,0.7808163902786921,5.06,0.0433,91859.39905833332,11167.626421960993,56508.18969512262,59643.063273161635
MT,Montana,2016,414.0,9,0.024187999999999998,0.4767859004563191,5.06,0.0085,4644.99725,197.3893627889161,998.7901757119154,1215.4008129229994
MT,Montana,2017,429.25,9,0.024187999999999998,0.4767859004563191,5.06,0.0085,4840.786125,204.66034777087498,1035.5813597206272,1260.1710119497525
MT,Montana,2018,490.25,9,0.024187999999999998,0.4767859004563191,5.06,0.0085,5306.288125,233.74428769871042,1182.7460957554747,1439.2518080567645
MT,Montana,2019,490.25,9,0.024187999999999998,0.4767859004563191,5.06,0.0085,5379.386,233.74428769871042,1182.7460957554747,1439.2518080567645
MT,Montana,2020,486.5,10,0.106688,0.4767859004563191,5.06,0.0085,5523.885125,231.95634057199922,1173.6990832943159,1428.242742722317
MT,Montana,2021,465.75,10,0.106688,0.4767859004563191,5.06,0.0085,5601.782499999999,222.06303313753062,1123.6389476759048,1367.3259145383743
MT,Montana,2022,406.5,10,0.106688,0.4767859004563191,5.06,0.0085,5847.8708750000005,193.8134685354937,980.696150789598,1193.3826822541046
MT,Montana,2023,416.0,10,0.106688,0.4767859004563191,5.06,0.0085,6084.351875,198.34293458982873,1003.6152490245333,1221.2723144347046
MT,Montana,2024,417.0,11,0.128688,0.4767859004563191,5.06,0.0085,6053.782708333334,198.81972049028505,1006.0277856808423,1224.2080651905574
NE,Nebraska,2016,4642.25,16,0.069104,0.6303439130985566,4.77,0.0157,26787.439424999997,2926.2140305817748,13958.040925875064,15674.076895293292
NE,Nebraska,2017,4542.5,16,0.069104,0.6303439130985566,4.77,0.0157,26532.542699999998,2863.3372252501936,13658.118564443423,15337.28133919323
NE,Nebraska,2018,4279.25,17,0.173104,0.6303439130985566,4.77,0.0157,25571.627324999998,2697.3991901269983,12866.59413690578,14448.444946778785
NE,Nebraska,2019,4020.5,21,0.439104,0.6303439130985566,4.77,0.0157,24476.468275,2534.297702612747,12088.600041462802,13574.802338850057
NE,Nebraska,2020,3595.5,21,0.439104,0.6303439130985566,4.77,0.0157,22757.778225,2266.4015395458605,10810.735343633754,12139.833804087895
NE,Nebraska,2021,2246.0,28,0.910479,0.6303439130985566,4.77,0.0157,16679.337574999998,1415.752428819358,6753.139085468338,7583.386656648981
NE,Nebraska,2022,2224.75,28,0.910479,0.6303439130985566,4.77,0.0157,17585.675649999997,1402.3576206660139,6689.2458505768855,7511.638229910873
NE,Nebraska,2023,2062.0,30,0.971779,0.6303439130985566,4.77,0.0157,17160.068675,1299.7691488092237,6199.898839819996,6962.129691010775
NE,Nebraska,2024,1887.75,34,1.256079,0.6303439130985566,4.77,0.0157,16265.83843333333,1189.9317219518002,5675.974313710087,6373.792591758288
NV,Nevada,2016,1669.0,25,0.22787000000000002,0.6096926793111045,5.02,0.0275,16594.37625,1017.5770817702333,5108.236950486571,5759.659868716338
NV,Nevada,2017,1799.25,27,0.395088,0.6096926793111045,5.02,0.0275,17628.851875,1096.9895532505047,5506.887557317534,6209.148004067029
NV,Nevada,2018,2373.25,27,0.395088,0.6096926793111045,5.02,0.0275,21003.654375,1446.9531511750788,7263.704818898895,8190.001667723816
NV,Nevada,2019,2342.5,30,0.550841,0.6096926793111045,5.02,0.0275,21086.628125,1428.2051012862623,7169.589608457036,8083.884507170775
NV,Nevada,2020,2197.25,33,0.757143,0.6096926793111045,5.02,0.0275,20890.25125,1339.6472396163244,6725.029142873948,7582.631903257624
NV,Nevada,2021,2481.5,35,0.7609239999999999,0.6096926793111045,5.02,0.0275,22900.509375,1512.9523837105057,7595.020966226738,8563.568582516233
NV,Nevada,2022,2911.5,35,0.7687,0.6096926793111045,5.02,0.0275,26811.780625,1775.1202358142807,8911.103583787688,10047.483347973408
NV,Nevada,2023,3065.75,36,0.8248150000000001,0.6096926793111045,5.02,0.0275,28191.699999999997,1869.1653315980186,9383.209964622052,10579.794633024034
NV,Nevada,2024,2935.25,42,1.449626,0.6096926793111045,5.02,0.0275,27424.935416666664,1789.6004369479194,8983.794193478554,10129.443756530636
NH,New Hampshire,2016,1574.75,3,0.001436,0.6606174734253794,4.82,0.0107,10788.072925,1040.3073662766162,5014.28150545329,5548.724139176675
NH,New Hampshire,2017,1273.75,3,0.001436,0.6606174734253794,4.82,0.0107,9489.963325,841.4615067755769,4055.844462658281,4488.132955882705
NH,New Hampshire,2018,1189.75,3,0.001436,0.6606174734253794,4.82,0.0107,9284.071225,785.9696390078451,3788.3736600178136,4192.154021009969
NH,New Hampshire,2019,1109.75,3,0.001436,0.6606174734253794,4.82,0.0107,8991.34455,733.1202411338147,3533.639562264987,3910.2693211311735
NH,New Hampshire,2020,1143.5,3,0.001436,0.6606174734253794,4.82,0.0107,9359.403375,755.4160808619213,3641.105509754461,4029.1894288925405
NH,New Hampshire,2021,1248.25,5,0.004136,0.6606174734253794,4.82,0.0107,10093.18475,824.6157612032298,3974.6479689995676,4398.282207796339
NH,New Hampshire,2022,1471.0,5,0.004136,0.6606174734253794,4.82,0.0107,11851.005775,971.768303408733,4683.923222430093,5183.154919021362
NH,New Hampshire,2023,1689.5,6,0.005089000000000001,0.6606174734253794,4.82,0.0107,13139.115675000001,1116.1132213521785,5379.6657269175,5953.052505565323
NH,New Hampshire,2024,1707.25,6,0.005089000000000001,0.6606174734253794,4.82,0.0107,13179.640616666666,1127.8391815054788,5436.1848548564085,6015.595673350931
NJ,New Jersey,2016,9393.25,70,0.903327,0.7233422551709636,5.16,0.0673,68056.111525,6794.534638384654,35059.79873406481,37658.51409568016
NJ,New Jersey,2017,9484.0,74,0.904602,0.7233422551709636,5.16,0.0673,69458.52235,6860.177948041419,35398.51821189372,38022.34026385231
NJ,New Jersey,2018,9830.75,73,0.903492,0.7233422551709636,5.16,0.0673,72470.340975,7110.9968750219505,36692.743875113265,39412.497000091316
NJ,New Jersey,2019,10167.75,78,0.922402,0.7233422551709636,5.16,0.0673,74765.34405,7354.7632150145655,37950.578189475156,40763.5649744606
NJ,New Jersey,2020,10641.75,78,0.921057,0.7233422551709636,5.16,0.0673,78473.3619,7697.627443965602,39719.75761086251,42663.88016689691
NJ,New Jersey,2021,11671.75,81,0.9914550000000001,0.7233422551709636,5.16,0.0673,85165.5237,8442.669966791695,43564.17702864514,46793.25706185346
NJ,New Jersey,2022,13474.75,81,0.978543,0.7233422551709636,5.16,0.0673,98665.86535000001,9746.856052864941,50293.7772327831,54021.671179918165
NJ,New Jersey,2023,12924.75,77,0.9316319999999999,0.7233422551709636,5.16,0.0673,97357.2915,9349.017812520911,48240.931912607906,51816.664100087
NJ,New Jersey,2024,15638.25,82,0.936671,0.7233422551709636,5.16,0.0673,110894.30108333332,11311.807021927321,58368.92423314498,62695.367211217665
NM,New Mexico,2016,492.25,6,0.007118,0.5511410229011915,4.18,0.0117,5566.905925,271.2991685231115,1134.030524426606,1354.9813559034947
NM,New Mexico,2017,500.0,6,0.007118,0.5511410229011915,4.18,0.0117,5762.67095,275.57051145059575,1151.88473786349,1376.3142264128944
NM,New Mexico,2018,561.25,7,0.066918,0.5511410229011915,4.18,0.0117,6234.581425,309.3278991032937,1292.9906182517675,1544.912719148474
NM,New Mexico,2019,408.5,8,0.126718,0.5511410229011915,4.18,0.0117,5698.490675,225.14110785513674,941.0898308344715,1124.448722979335
NM,New Mexico,2020,434.75,9,0.186518,0.5511410229011915,4.18,0.0117,6032.8820000000005,239.608559706293,1001.5637795723046,1196.7052198660117
NM,New Mexico,2021,612.75,12,0.322618,0.5511410229011915,4.18,0.0117,7026.3426,337.7116617827051,1411.6347462517072,1686.673084469002
NM,New Mexico,2022,846.75,12,0.322618,0.5511410229011915,4.18,0.0117,8752.437750000001,466.6786611415839,1950.7168035718207,2330.788142430237
NM,New Mexico,2023,935.25,13,0.32306799999999997,0.5511410229011915,4.18,0.0117,9380.78565,515.4546416683394,2154.6004021736585,2574.3957605053192
NM,New Mexico,2024,980.25,15,0.562268,0.5511410229011915,4.18,0.0117,9519.32835,540.2559876988929,2258.270028581372,2698.2640408824795
NY,New York,2016,15843.0,71,0.453111,0.684532813171616,4.92,0.1565,122485.81675,10845.053359077912,53357.66252666333,58355.60916758542
NY,New York,2017,16399.0,77,0.46341699999999997,0.684532813171616,4.92,0.1565,127320.78425,11225.65360320133,55230.21572775055,60403.56212454922
NY,New York,2018,18068.75,77,0.461745,0.684532813171616,4.92,0.1565,138171.922875,12368.652267994636,60853.76915853361,66553.86689053898
NY,New York,2019,18710.75,78,0.46538999999999997,0.684532813171616,4.92,0.1565,142575.95075,12808.122334050813,63015.96188353,68918.58954947919
NY,New York,2020,20024.0,75,0.460625,0.684532813171616,4.92,0.1565,151840.877375,13707.085050948437,67438.8584506663,73755.77339971789
NY,New York,2021,20515.5,74,0.679939,0.684532813171616,4.92,0.1565,157546.26162499998,14043.532928622288,69094.18200882165,75566.14908019938
NY,New York,2022,25660.5,74,0.861371,0.684532813171616,4.92,0.1565,192096.056875,17565.454252390253,86422.03492176005,94517.0806693698
NY,New York,2023,26732.75,73,0.851223,0.684532813171616,4.92,0.1565,200674.18550000002,18299.444561313518,90033.2672416625,98466.572680349
NY,New York,2024,27848.0,78,0.916691,0.684532813171616,4.92,0.1565,205330.83954166668,19062.86978120316,93789.31932351955,102574.4495423164
NC,North Carolina,2016,14147.75,64,0.833237,0.6590695957726078,5.65,0.0754,101520.65765000001,9324.351873591911,52682.588085794305,57505.9862122024
NC,North Carolina,2017,14806.5,68,1.405837,0.6590695957726078,5.65,0.0754,106246.3388,9758.513969807118,55135.60392941022,60183.58995960311
NC,North Carolina,2018,15338.25,72,1.554587,0.6590695957726078,5.65,0.0754,110606.51255,10108.974227359202,57115.7043845795,62344.9801572203
NC,North Carolina,2019,10570.5,70,1.559582,0.6590695957726078,5.65,0.0754,84676.63455,6966.695162114351,39361.82766594608,42965.63250383174
NC,North Carolina,2020,10019.5,73,1.565974,0.6590695957726078,5.65,0.0754,83054.85885,6603.547814843644,37310.045153866595,40725.99733902295
NC,North Carolina,2021,10799.0,74,1.565229,0.6590695957726078,5.65,0.0754,89021.05795,7117.292564748392,40212.70299082842,43894.41042608003
NC,North Carolina,2022,10986.0,74,1.5726289999999998,0.6590695957726078,5.65,0.0754,94901.43604999999,7240.538579157869,40909.042972241965,44654.5043930841
NC,North Carolina,2023,11534.75,76,1.590419,0.6590695957726078,5.65,0.0754,99632.5305,7602.203019838088,42952.4470620852,46884.99404224712
NC,North Carolina,2024,11933.5,79,1.594719,0.6590695957726078,5.65,0.0754,101539.42598333335,7865.007021152415,44437.28966951115,48505.78264835874
ND,North Dakota,2016,518.0,3,0.239925,0.474914241159191,4.25,0.0063,4090.96135,246.00557692046095,1045.523701911959,1317.518124991498
ND,North Dakota,2017,518.0,3,0.239925,0.474914241159191,4.25,0.0063,4178.97865,246.00557692046095,1045.523701911959,1317.518124991498
ND,North Dakota,2018,504.0,3,0.239925,0.474914241159191,4.25,0.0063,4236.19875,239.35677754423227,1017.2663045629872,1281.909527018755
ND,North Dakota,2019,487.25,3,0.239925,0.474914241159191,4.25,0.0063,4219.2952000000005,231.40196400481582,983.4583470204673,1239.3063830156514
ND,North Dakota,2020,456.0,3,0.239925,0.474914241159191,4.25,0.0063,4207.819125,216.5608939685911,920.3837993665122,1159.822905397921
ND,North Dakota,2021,462.25,4,0.349925,0.474914241159191,4.25,0.0063,4369.76705,219.52910797583604,932.9987088973032,1175.7196009214672
ND,North Dakota,2022,462.5,8,1.232125,0.474914241159191,4.25,0.0063,4775.058025,219.64783653612585,933.5033052785349,1176.355468742409
ND,North Dakota,2023,360.0,10,1.435625,0.474914241159191,4.25,0.0063,4479.784425,170.96912681730876,726.6187889735622,915.6496621562535
ND,North Dakota,2024,313.5,11,1.468625,0.474914241159191,4.25,0.0063,4256.0511750000005,148.88561460340637,632.763862064477,797.3782474610707
OH,Ohio,2016,6641.5,48,0.35144200000000003,0.6365229775530452,5.44,0.0849,61072.615900000004,4227.46735541855,22997.422413476914,25411.455058058364
OH,Ohio,2017,7076.75,57,0.470912,0.6365229775530452,5.44,0.0849,64589.561075000005,4504.513981398512,24504.55605880791,27076.7920774094
OH,Ohio,2018,7611.5,58,0.588183,0.6365229775530452,5.44,0.0849,69024.9545,4844.894643645003,26356.22686142882,29122.832217783816
OH,Ohio,2019,8350.0,58,0.588183,0.6365229775530452,5.44,0.0849,73709.814625,5314.966862567928,28913.41973236953,31948.4528698016
OH,Ohio,2020,8732.0,63,0.886046,0.6365229775530452,5.44,0.0849,77387.96247500001,5558.118639993191,30236.16540156296,33410.04676156977
OH,Ohio,2021,8915.5,73,1.3716210000000002,0.6365229775530452,5.44,0.0849,80195.633725,5674.920606374175,30871.568098675514,34112.14749230134
OH,Ohio,2022,11418.5,82,1.788231,0.6365229775530452,5.44,0.0849,99046.93017500002,7268.137619189447,39538.668648390594,43689.03102920114
OH,Ohio,2023,11535.5,90,1.9252070000000001,0.6365229775530452,5.44,0.0849,101556.176825,7342.610807563153,39943.80279314356,44136.6919855804
OH,Ohio,2024,11627.0,102,2.4348769999999997,0.6365229775530452,5.44,0.0849,101690.380875,7400.852660009256,40260.63847045036,44486.7858104411
OK,Oklahoma,2016,1342.25,13,0.334795,0.5322737916352351,5.15,0.0257,14599.206925,714.4444968223944,3679.3891586353316,4307.194661812937
OK,Oklahoma,2017,1273.5,15,0.373995,0.5322737916352351,5.15,0.0257,14605.966,677.8506736474719,3490.930969284481,4086.580295637009
OK,Oklahoma,2018,1352.25,17,0.376699,0.5322737916352351,5.15,0.0257,15485.288725000002,719.7672347387468,3706.801258904546,4339.2840241658
OK,Oklahoma,2019,1505.75,16,0.364099,0.5322737916352351,5.15,0.0257,16492.88235,801.4712617547553,4127.5769980369905,4831.855736282235
OK,Oklahoma,2020,1478.25,17,0.365899,0.5322737916352351,5.15,0.0257,16846.13655,786.8337324847863,4052.19372229665,4743.609989811864
OK,Oklahoma,2021,1634.5,19,0.405335,0.5322737916352351,5.15,0.0257,18199.255625,870.0015124277918,4480.507789003128,5245.006276575336
OK,Oklahoma,2022,1882.5,19,0.405335,0.5322737916352351,5.15,0.0257,21119.083975,1002.0054127533301,5160.327875679651,6040.82246292632
OK,Oklahoma,2023,2028.25,20,0.40628,0.5322737916352351,5.15,0.0257,22435.86105,1079.5843178841656,5559.859237103453,6508.524919219288
OK,Oklahoma,2024,1667.75,21,0.407698,0.5322737916352351,5.15,0.0257,20480.850766666666,887.6996159996634,4571.653022398266,5351.703406398604
OR,Oregon,2016,3948.75,41,0.686925,0.7441308596596774,5.07,0.0309,29181.510375,2938.386732081151,14897.620731651436,15907.98399957029
OR,Oregon,2017,4631.75,42,0.8690869999999999,0.7441308596596774,5.07,0.0309,33054.919575,3446.628109228711,17474.404513789566,18659.52640456086
OR,Oregon,2018,4987.75,45,1.122037,0.7441308596596774,5.07,0.0309,35420.890875000005,3711.538695267556,18817.50118500651,20093.71248973896
OR,Oregon,2019,5658.25,47,1.210622,0.7441308596596774,5.07,0.0309,39065.339700000004,4210.478436669369,21347.125673913702,22794.897237244342
OR,Oregon,2020,6345.25,55,1.787222,0.7441308596596774,5.07,0.0309,43121.36205,4721.696337255568,23939.00042988573,25562.55409263017
OR,Oregon,2021,7194.5,69,2.573272,0.7441308596596774,5.07,0.0309,48065.04412500001,5353.649469821549,27143.002811995255,28983.853342173712
OR,Oregon,2022,8049.5,76,2.9562220000000003,0.7441308596596774,5.07,0.0309,54356.126775000004,5989.881354830573,30368.69846899101,32428.317114160443
OR,Oregon,2023,8278.75,89,3.7813719999999997,0.7441308596596774,5.07,0.0309,56196.56340000001,6160.473354407554,31233.599906846302,33351.876552438756
OR,Oregon,2024,8055.0,102,4.588372000000001,0.7441308596596774,5.07,0.0309,54939.573175000005,5993.974074558701,30389.448558012617,32450.474483453923
PA,Pennsylvania,2016,8716.75,45,0.45008,0.6475752054143606,5.36,0.0963,74814.00672500001,5644.751171795629,30255.86628082457,33327.86510902894
PA,Pennsylvania,2017,8952.0,50,0.472655,0.6475752054143606,5.36,0.0963,77397.69945,5797.093238869356,31072.41976033975,34227.32652147039
PA,Pennsylvania,2018,9253.25,51,0.477305,0.6475752054143606,5.36,0.0963,80766.190975,5992.1752695004325,32118.05944452232,35379.134175021885
PA,Pennsylvania,2019,9784.5,54,0.48851799999999995,0.6475752054143606,5.36,0.0963,84390.687525,6336.199597376812,33962.029841939715,37410.3302445629
PA,Pennsylvania,2020,10903.75,54,0.48851799999999995,0.6475752054143606,5.36,0.0963,92133.78830000001,7060.998146036834,37846.95006275744,41689.7019167206
PA,Pennsylvania,2021,11935.25,60,0.860938,0.6475752054143606,5.36,0.0963,99633.35965,7728.971970421748,41427.28976146057,45633.567791038826
PA,Pennsylvania,2022,13510.75,62,0.870776,0.6475752054143606,5.36,0.0963,114105.26405,8749.226706552074,46895.85514711912,51657.37844056704
PA,Pennsylvania,2023,14193.5,69,1.101926,0.6475752054143606,5.36,0.0963,119834.555875,9191.358678048728,49265.682514341184,54267.82383629245
PA,Pennsylvania,2024,13362.75,75,1.512326,0.6475752054143606,5.36,0.0963,115058.1759,8653.385576150748,46382.14668816801,51091.51111201726
RI,Rhode Island,2016,2884.0,3,0.002438,0.5455187074198892,5.12,0.0079,17116.71315,1573.2759521989603,8055.172875258677,9365.896923059718
RI,Rhode Island,2017,534.25,3,0.002438,0.5455187074198892,5.12,0.0079,5214.9270750000005,291.4433694390758,1492.1900515280681,1734.9966820889922
RI,Rhode Island,2018,538.5,4,0.002888,0.5455187074198892,5.12,0.0079,5382.9062,293.76182394561033,1504.060538601525,1748.7987146559146
RI,Rhode Island,2019,552.5,4,0.002888,0.5455187074198892,5.12,0.0079,5522.413625000001,301.39908584948876,1543.1633195493825,1794.2642336998938
RI,Rhode Island,2020,543.5,4,0.002888,0.5455187074198892,5.12,0.0079,5628.309875000001,296.48941748270977,1518.025817511474,1765.0364000287643
RI,Rhode Island,2021,579.25,4,0.002888,0.5455187074198892,5.12,0.0079,5980.885850000001,315.9917112729708,1617.8775617176107,1881.1358504446398
RI,Rhode Island,2022,672.0,4,0.002888,0.5455187074198892,5.12,0.0079,6961.924775,366.58857138616554,1876.9334854971676,2182.344914111002
RI,Rhode Island,2023,713.0,5,0.002963,0.5455187074198892,5.12,0.0079,7346.707325,388.954838390381,1991.4487725587508,2315.49393416837
RI,Rhode Island,2024,712.0,6,0.003038,0.5455187074198892,5.12,0.0079,7308.488958333333,388.4093196829611,1988.6557167767608,2312.2463970937997
SC,South Carolina,2016,2848.0,14,0.24546600000000002,0.6118879695818169,5.31,0.0349,25508.57905,1742.6569373690145,9253.508337429466,10358.851400060454
SC,South Carolina,2017,2850.0,15,0.288126,0.6118879695818169,5.31,0.0349,26006.717149999997,1743.8807133081782,9260.006587666425,10366.125874358248
SC,South Carolina,2018,3496.75,15,0.288126,0.6118879695818169,5.31,0.0349,30064.491775000002,2139.619257635218,11361.378258043007,12718.50900040779
SC,South Carolina,2019,3636.5,17,0.377541,0.6118879695818169,5.31,0.0349,31101.818274999998,2225.1306013842773,11815.44349335051,13226.812891966236
SC,South Carolina,2020,3722.0,17,0.377541,0.6118879695818169,5.31,0.0349,32223.913975,2277.4470227835227,12093.243690980504,13537.796668196983
SC,South Carolina,2021,3999.75,20,0.470743,0.6118879695818169,5.31,0.0349,34439.2834,2447.398906334872,12995.68819263817,14548.0392863033
SC,South Carolina,2022,4386.5,23,0.537661,0.6118879695818169,5.31,0.0349,38718.734475,2684.0465785706397,14252.287332210095,15954.740753639458
SC,South Carolina,2023,4306.75,28,0.593186,0.6118879695818169,5.31,0.0349,39071.970199999996,2635.24851299649,13993.16960401136,15664.671091014872
SC,South Carolina,2024,4204.25,29,0.597986,0.6118879695818169,5.31,0.0349,38385.01818333333,2572.5299961143537,13660.134279367217,15291.854283252866
SD,South Dakota,2016,133.5,2,0.0024300000000000003,0.4480166176244029,4.58,0.0075,2863.6724999999997,59.81021845285779,273.9308005140887,347.62058206123095
SD,South Dakota,2017,134.5,3,0.00903,0.4480166176244029,4.58,0.0075,2973.0275,60.25823507048219,275.9827166228084,350.22448155232627
SD,South Dakota,2018,149.0,3,0.00903,0.4480166176244029,4.58,0.0075,3178.17625,66.75447602603603,305.73550019924505,387.98102417320905
SD,South Dakota,2019,163.0,3,0.00903,0.4480166176244029,4.58,0.0075,3306.689375,73.02670867277767,334.46232572132175,424.43561704854415
SD,South Dakota,2020,190.75,3,0.00903,0.4480166176244029,4.58,0.0075,3577.79,85.45916981185486,391.40299773829526,496.69382792644046
SD,South Dakota,2021,230.75,3,0.00903,0.4480166176244029,4.58,0.0075,3921.91,103.37983451683097,473.47964208708584,600.8498075702549
SD,South Dakota,2022,313.25,3,0.00903,0.4480166176244029,4.58,0.0075,4780.3675,140.34120547084422,642.7627210564665,815.6715155856224
SD,South Dakota,2023,348.75,4,0.04203,0.4480166176244029,4.58,0.0075,5109.0075,156.24579539651052,715.6057429160181,908.1099475195077
SD,South Dakota,2024,383.5,4,0.04203,0.4480166176244029,4.58,0.0075,5236.471875,171.81437285895854,786.9098276940301,998.5954548350717
TN,Tennessee,2016,5159.75,44,0.178448,0.6679383357527252,5.43,0.0525,43519.261875,3446.394827900124,18713.92391549767,20427.27908759755
TN,Tennessee,2017,5734.0,47,0.202707,0.6679383357527252,5.43,0.0525,47340.76875,3829.9584172061263,20796.674205429266,22700.71578822314
TN,Tennessee,2018,5832.5,47,0.203121,0.6679383357527252,5.43,0.0525,48842.384999999995,3895.75034327777,21153.92436399829,23090.674020720522
TN,Tennessee,2019,6099.5,47,0.203121,0.6679383357527252,5.43,0.0525,50729.66437499999,4074.0898789237476,22122.30804255595,24147.718163632202
TN,Tennessee,2020,6415.5,47,0.29647,0.6679383357527252,5.43,0.0525,53438.450625,4285.158393021608,23268.41007410733,25398.751681085727
TN,Tennessee,2021,6568.75,50,0.32249,0.6679383357527252,5.43,0.0525,55391.0925,4387.519942975714,23824.233290358126,26005.463347382414
TN,Tennessee,2022,8531.0,54,0.36923700000000004,0.6679383357527252,5.43,0.0525,69311.67562499999,5698.181942306499,30941.12794672429,33773.94600441779
TN,Tennessee,2023,8844.25,58,0.508437,0.6679383357527252,5.43,0.0525,72160.39125,5907.41362598104,32077.255989077046,35014.09236309601
TN,Tennessee,2024,8327.5,61,0.5528869999999999,0.6679383357527252,5.43,0.0525,69161.558125,5562.256490980819,30203.052746025845,32968.29625504503
TX,Texas,2016,33241.5,175,2.501866,0.73439794225511,5.9,0.231,257845.97100000002,24412.489197473238,144033.6862650921,152862.6970676189
TX,Texas,2017,33959.5,188,2.597794,0.73439794225511,5.9,0.231,265143.614,24939.786920012408,147144.7428280732,156164.45590806083
TX,Texas,2018,34883.5,195,2.69671,0.73439794225511,5.9,0.231,274658.27300000004,25618.37061865613,151148.38665007116,160413.51603141506
TX,Texas,2019,36459.75,202,3.8813560000000003,0.73439794225511,5.9,0.231,285580.5765,26775.965375135747,157978.19571330093,167661.9803381652
TX,Texas,2020,38276.5,211,4.080823,0.73439794225511,5.9,0.231,300321.51575,28110.18283672772,165850.07873669354,176016.39589996584
TX,Texas,2021,39565.0,222,4.968156,0.73439794225511,5.9,0.231,312591.59825000004,29056.454585323427,171433.08205340823,181941.62746808483
TX,Texas,2022,45712.5,252,6.941260000000001,0.73439794225511,5.9,0.231,362263.54425000004,33571.165935336714,198069.87901848662,210211.21308314995
TX,Texas,2023,47499.5,281,7.9503010000000005,0.73439794225511,5.9,0.231,377516.58775,34883.5350581466,205812.85684306495,218428.82178491837
TX,Texas,2024,47316.0,312,8.942662,0.73439794225511,5.9,0.231,375508.28225000005,34748.773035742786,205017.76091088244,217584.9878751397
UT,Utah,2016,5614.0,14,0.08279900000000001,0.7801662814610153,5.26,0.0252,36959.0662,4379.85350412214,23038.02943168246,24272.175927560318
UT,Utah,2017,5824.5,15,0.084788,0.7801662814610153,5.26,0.0252,38413.0608,4544.078506369684,23901.85294350454,25182.274437134856
UT,Utah,2018,5416.25,18,0.223129,0.7801662814610153,5.26,0.0252,36742.4813,4225.575621963224,22226.52777152656,23417.202149563338
UT,Utah,2019,5755.5,21,0.328642,0.7801662814610153,5.26,0.0252,38735.1009,4490.247032948873,23618.69939331107,24883.952360362204
UT,Utah,2020,5873.0,23,0.49464199999999997,0.7801662814610153,5.26,0.0252,39834.7481,4581.9165710205425,24100.881163568054,25391.964592547516
UT,Utah,2021,6509.25,26,0.604642,0.7801662814610153,5.26,0.0252,43707.0888,5078.297367600114,26711.844153576596,28142.796785976487
UT,Utah,2022,8452.0,31,0.7468819999999999,0.7801662814610153,5.26,0.0252,55493.916699999994,6593.965410908501,34684.258061378714,36542.29265047022
UT,Utah,2023,7969.75,33,0.7483759999999999,0.7801662814610153,5.26,0.0252,53528.257,6217.730221673926,32705.26096600485,34457.28074433093
UT,Utah,2024,7866.5,35,0.7550739999999999,0.7801662814610153,5.26,0.0252,52882.159100000004,6137.178053113077,32281.556559374785,34010.87850626171
VT,Vermont,2016,226.25,1,0.002534,0.5478204991837915,4.84,0.0054,2716.1637499999997,123.94438794033283,599.8908376312108,702.1964496908781
VT,Vermont,2017,226.75,1,0.002534,0.5478204991837915,4.84,0.0054,2794.02445,124.21829818992472,601.2165632392356,703.7482650493109
VT,Vermont,2018,255.0,1,0.002534,0.5478204991837915,4.84,0.0054,3030.5721000000003,139.69422729186684,676.1200600926355,791.4258328007687
VT,Vermont,2019,338.0,1,0.002534,0.5478204991837915,4.84,0.0054,3478.28255,185.16332872412153,896.1905110247482,1049.0271823006267
VT,Vermont,2020,345.75,2,0.002984,0.5478204991837915,4.84,0.0054,3619.5846,189.40893759279592,916.7392579491323,1073.0803203563364
VT,Vermont,2021,348.0,2,0.002984,0.5478204991837915,4.84,0.0054,3746.5408500000003,190.64153371595944,922.7050231852437,1080.0634894692844
VT,Vermont,2022,428.25,2,0.002984,0.5478204991837915,4.84,0.0054,4481.000400000001,234.60412877545872,1135.4839832732202,1329.1298544977615
VT,Vermont,2023,482.0,2,0.002984,0.5478204991837915,4.84,0.0054,4860.60785,264.0494806065875,1277.9994861358834,1495.950005529296
VT,Vermont,2024,474.0,2,0.002984,0.5478204991837915,4.84,0.0054,4799.30145,259.66691661311717,1256.7878764074871,1471.12095979437
VA,Virginia,2016,11038.75,140,2.006051,0.7795986261110186,5.02,0.0606,72951.78624999999,8605.794333983007,43201.08755659469,45634.04322261168
VA,Virginia,2017,10868.25,158,2.428594,0.7795986261110186,5.02,0.0606,72952.85115,8472.872768231078,42533.82129652001,44929.19852828893
VA,Virginia,2018,10620.5,170,3.0164850000000003,0.7795986261110186,5.02,0.0606,72846.04759999999,8279.727208612074,41564.23058723261,43905.003378620524
VA,Virginia,2019,13353.25,195,3.720903,0.7795986261110186,5.02,0.0606,86919.99279999999,10410.175354116958,52259.080277667126,55202.154923550166
VA,Virginia,2020,14283.75,201,4.071367,0.7795986261110186,5.02,0.0606,92699.96159999998,11135.591875713262,55900.67121608057,59048.8293403673
VA,Virginia,2021,14990.0,229,4.780279999999999,0.7795986261110186,5.02,0.0606,97505.19544999998,11686.183405404168,58664.64069512892,61968.45728972475
VA,Virginia,2022,17217.75,248,5.316091999999999,0.7795986261110186,5.02,0.0606,112441.8069,13422.93424472299,67383.1299085094,71177.9456637864
VA,Virginia,2023,18386.75,277,6.466101,0.7795986261110186,5.02,0.0606,119583.18079999999,14334.28503864677,71958.11089400678,76010.57585536
VA,Virginia,2024,19382.75,314,8.239624,0.7795986261110186,5.02,0.0606,124268.7888,15110.765270253345,75856.04165667179,80128.02638641844
WA,Washington,2016,9019.0,69,1.022591,0.7801662814610153,5.26,0.0252,54783.56019999999,7036.319692496897,37011.041582533675,38993.72189003679
WA,Washington,2017,11096.25,71,1.066341,0.7801662814610153,5.26,0.0252,66009.61769999999,8656.920100661791,45535.39972948102,47974.72962881924
WA,Washington,2018,11518.25,77,1.264367,0.7801662814610153,5.26,0.0252,68685.2309,8986.150271438339,47267.15042776566,49799.25015632733
WA,Washington,2019,13382.25,80,1.376767,0.7801662814610153,5.26,0.0252,78659.6118,10440.380220081672,54916.39995762959,57858.269737547926
WA,Washington,2020,13599.25,81,1.329968,0.7801662814610153,5.26,0.0252,80280.1216,10609.676303158712,55806.897354614826,58796.47105145612
WA,Washington,2021,15220.0,86,1.469552,0.7801662814610153,5.26,0.0252,89306.1229,11874.130803836653,62457.928028180795,65803.79722434415
WA,Washington,2022,24861.0,90,1.629715,0.7801662814610153,5.26,0.0252,141391.7499,19395.7139234023,102021.4552370961,107486.74131369381
WA,Washington,2023,23492.25,98,1.829243,0.7801662814610153,5.26,0.0252,134785.44,18327.861325652535,96404.55057293233,101568.93924727982
WA,Washington,2024,22821.0,103,1.900304,0.7801662814610153,5.26,0.0252,131165.97569999998,17804.17470922183,93649.9589705068,98666.784261285
WV,West Virginia,2016,1017.0,0,0.0,0.6178716621623345,4.26,0.0096,7206.8088,628.3754804190942,2676.879546585341,3065.504066166247
WV,West Virginia,2017,833.75,0,0.0,0.6178716621623345,4.26,0.0096,6562.044599999999,515.1504983278463,2194.541122876625,2513.140624548779
WV,West Virginia,2018,1042.25,0,0.0,0.6178716621623345,4.26,0.0096,7625.977799999999,643.9767398886931,2743.3409119258326,3141.6141720371397
WV,West Virginia,2019,1032.5,0,0.0,0.6178716621623345,4.26,0.0096,7667.093999999999,637.9524911826103,2717.67761243792,3112.2251212553097
WV,West Virginia,2020,1030.75,0,0.0,0.6178716621623345,4.26,0.0096,7844.2494,636.8712157738263,2713.0713791965,3106.9501634226735
WV,West Virginia,2021,1111.0,0,0.0,0.6178716621623345,4.26,0.0096,8391.7056,686.4554166623536,2924.3000749816265,3348.8446583192726
WV,West Virginia,2022,1217.75,1,7.5e-05,0.6178716621623345,4.26,0.0096,9461.4054,752.4132165981828,3205.2803027082587,3670.617086110076
WV,West Virginia,2023,1337.5,1,7.5e-05,0.6178716621623345,4.26,0.0096,10183.2756,826.4033481421224,3520.478263085441,4031.574914943319
WV,West Virginia,2024,1357.5,1,7.5e-05,0.6178716621623345,4.26,0.0096,10228.053199999998,838.760781385369,3573.120928701672,4091.860147316303
WI,Wisconsin,2016,8285.75,22,0.041195999999999997,0.6805071432232548,4.96,0.0441,53980.991675,5638.512061962083,27967.019827331933,30614.25776536985
WI,Wisconsin,2017,8058.25,21,0.039396,0.6805071432232548,4.96,0.0441,53478.745525,5483.696686878793,27199.135566918812,29773.68888004002
WI,Wisconsin,2018,8567.5,21,0.039396,0.6805071432232548,4.96,0.0441,56798.5909,5830.244949565235,28918.014949843568,31655.27000027833
WI,Wisconsin,2019,8751.25,23,0.041706,0.6805071432232548,4.96,0.0441,58081.13649999999,5955.288137132508,29538.22916017724,32334.191023044736
WI,Wisconsin,2020,9009.75,23,0.041706,0.6805071432232548,4.96,0.0441,60199.8735,6131.19923365572,30410.748198932368,33289.29896527665
WI,Wisconsin,2021,9246.75,24,0.042606000000000005,0.6805071432232548,4.96,0.0441,62312.9154,6292.479426599632,31210.69795593417,34164.96852933454
WI,Wisconsin,2022,9136.0,26,0.052294,0.6805071432232548,4.96,0.0441,64598.089825,6217.113260487656,30836.881772018773,33755.76851153112
WI,Wisconsin,2023,8823.0,30,0.055859,0.6805071432232548,4.96,0.0441,64037.352675,6004.114524658777,29780.408042307532,32599.29351764876
WI,Wisconsin,2024,8801.25,32,0.173984,0.6805071432232548,4.96,0.0441,63745.62345,5989.313494293671,29706.99493169661,32518.931437402938
WY,Wyoming,2016,189.0,9,0.1743,0.5050148968785513,7.74,0.0044,2783.9314000000004,95.4478155100462,738.7660920477576,832.3182765377113
WY,Wyoming,2017,190.0,9,0.1743,0.5050148968785513,7.74,0.0044,2853.1394,95.95283040692475,742.6749073495976,836.7220769426727
WY,Wyoming,2018,191.75,9,0.1743,0.5050148968785513,7.74,0.0044,2948.1339,96.83660647646221,749.5153341278175,844.4287276513552
WY,Wyoming,2019,191.25,9,0.1743,0.5050148968785513,7.74,0.0044,2982.1050000000005,96.58409902802293,747.5609264768975,842.2268274488745
WY,Wyoming,2020,112.5,10,0.2523,0.5050148968785513,7.74,0.0044,2457.5319,56.81417589883702,439.74172145699856,495.4275455581615
WY,Wyoming,2021,154.5,10,0.2523,0.5050148968785513,7.74,0.0044,2877.0095,78.02480156773618,603.911964134278,680.3871625665417
WY,Wyoming,2022,168.0,10,0.2523,0.5050148968785513,7.74,0.0044,3263.7595,84.84250267559662,656.6809707091179,739.8384680335212
WY,Wyoming,2023,190.0,12,0.25825,0.5050148968785513,7.74,0.0044,3531.5149,95.95283040692475,742.6749073495976,836.7220769426727
WY,Wyoming,2024,198.0,14,0.285825,0.5050148968785513,7.74,0.0044,3574.9607666666666,99.99294958195316,773.9454297643174,871.9524801823642
