state,table,pdf_page,emp_direct_contribution_2022,emp_direct_contribution_2023,emp_indirect_induced_2022,emp_indirect_induced_2023,emp_operational_2022,emp_operational_2023,emp_capital_spending_2022,emp_capital_spending_2023,emp_total_no_spillover_2022,emp_total_no_spillover_2023,emp_cross_state_spillover_2022,emp_cross_state_spillover_2023,emp_total_with_spillover_2022,emp_total_with_spillover_2023,li_direct_contribution_2022,li_direct_contribution_2023,li_indirect_induced_2022,li_indirect_induced_2023,li_operational_2022,li_operational_2023,li_capital_spending_2022,li_capital_spending_2023,li_total_no_spillover_2022,li_total_no_spillover_2023,li_cross_state_spillover_2022,li_cross_state_spillover_2023,li_total_with_spillover_2022,li_total_with_spillover_2023,gdp_direct_contribution_2022,gdp_direct_contribution_2023,gdp_indirect_induced_2022,gdp_indirect_induced_2023,gdp_operational_2022,gdp_operational_2023,gdp_capital_spending_2022,gdp_capital_spending_2023,gdp_total_no_spillover_2022,gdp_total_no_spillover_2023,gdp_cross_state_spillover_2022,gdp_cross_state_spillover_2023,gdp_total_with_spillover_2022,gdp_total_with_spillover_2023,tax_no_spillover_2022,tax_no_spillover_2023,tax_with_spillover_2022,tax_with_spillover_2023
Alabama,A-3,33,3970,5200,16160,21130,12170,15930,3990,5200,20130,26330,17820,18440,37950,44770,363,485,893,1168,609,802,285,365,1256,1653,1058,1113,2314,2766,729,1003,1464,1914,1050,1375,414,539,2192,2916,1846,1948,4038,4865,191,246,339,399
Alaska,A-4,34,320,390,920,1160,580,710,340,450,1240,1550,2760,2900,4000,4450,35,40,61,77,33,43,28,34,96,117,182,194,278,311,93,117,105,132,62,76,43,56,198,249,393,423,591,673,14,17,45,51
Arizona,A-5,35,14720,14430,66950,67300,58980,57730,7970,9570,81670,81730,25740,26990,107410,108720,1840,1967,4213,4266,3620,3547,593,719,6052,6233,1688,1799,7740,8032,3518,3920,7040,7115,6144,6036,896,1079,10558,11035,2923,3113,13481,14147,829,863,1067,1108
Arkansas,A-6,37,5280,5280,18180,18730,15490,15490,2690,3240,23460,24010,10750,11280,34210,35290,622,656,953,990,781,787,173,202,1575,1646,600,639,2175,2285,1374,1510,1628,1686,1355,1359,272,326,3002,3196,1080,1151,4082,4347,272,286,389,407
California,A-7,38,84820,99040,392320,461410,340730,397410,51590,64000,477140,560450,158360,164200,635500,724650,21038,26628,33167,39165,27097,31685,6070,7481,54205,65794,14334,15086,68538,80880,44631,58661,54400,64205,45500,53193,8899,11012,99030,122867,24968,26282,123998,149149,10739,13141,13682,16152
Colorado,A-8,39,19110,18250,83700,82100,74410,70980,9290,11120,102810,100350,24040,25260,126850,125610,3290,3274,5930,5870,5043,4813,886,1056,9220,9144,1777,1904,10997,11048,6817,7166,9617,9475,8380,7998,1237,1478,16434,16642,2934,3137,19368,19778,1360,1367,1659,1672
Connecticut,A-9,40,5060,5060,19740,20480,16140,16120,3600,4360,24800,25540,14790,15550,39590,41090,784,811,1583,1651,1240,1239,344,412,2368,2462,1304,1398,3671,3860,1635,1803,2566,2662,2081,2071,485,591,4201,4465,2179,2331,6380,6796,470,506,696,741
Delaware,A-10,41,890,900,3200,3420,2380,2420,820,1000,4090,4320,3990,4210,8080,8530,99,106,207,220,147,142,60,79,306,326,276,299,582,625,242,283,362,394,256,261,106,133,604,677,624,663,1228,1340,53,59,103,112
District of Columbia,A-11,42,2100,2080,4930,5160,3710,3680,1220,1480,7030,7240,5900,6240,12930,13480,382,430,569,603,405,398,165,205,952,1033,780,833,1732,1867,758,897,816,867,588,588,228,279,1574,1764,1113,1182,2687,2946,98,110,163,179
Florida,A-12,43,38490,40090,191560,203880,166150,172950,25410,30930,230050,243970,87850,91830,317900,335800,5294,5737,11368,12142,9577,9973,1791,2170,16662,17880,5277,5614,21940,23494,10816,12302,19041,20296,16355,17043,2686,3253,29857,32598,9095,9678,38952,42276,2100,2277,2888,3092
Georgia,A-13,44,28120,30070,135360,146720,121640,129990,13720,16730,163480,176790,42590,44340,206070,221130,4336,4810,8551,9292,7489,8005,1063,1287,12887,14103,2900,3073,15787,17175,8788,10189,14295,15513,12720,13595,1575,1918,23084,25702,4985,5279,28069,30981,1654,1824,2058,2231
Hawaii,A-14,45,1010,1000,3690,3850,2770,2730,920,1120,4700,4850,5860,6200,10560,11050,117,128,238,250,171,165,67,85,356,378,373,402,729,779,258,298,398,420,293,290,105,130,655,718,681,728,1336,1445,81,89,178,189
Idaho,A-15,46,1610,1940,6660,8150,5000,6020,1660,2130,8270,10090,7540,7850,15810,17940,182,217,392,479,266,320,127,159,574,696,447,474,1021,1170,447,566,626,763,446,533,180,230,1073,1329,748,794,1821,2123,96,117,161,185
Illinois,A-16,47,18940,20010,87920,95120,74160,78280,13760,16840,106860,115130,52570,55000,159430,170130,3124,3501,6714,7302,5443,5756,1272,1546,9838,10804,4263,4535,14101,15339,6422,7561,10623,11532,8792,9283,1830,2249,17044,19093,7041,7485,24085,26578,1661,1851,2388,2603
Indiana,A-17,48,5080,5530,21640,24460,16170,17620,5470,6840,26720,29990,27300,28660,54020,58650,433,503,1357,1544,959,1048,398,496,1790,2047,1818,1938,3608,3985,865,1046,2122,2408,1542,1678,580,730,2987,3454,3268,3492,6255,6946,285,327,520,571
Iowa,A-18,49,4250,3990,13960,13810,11100,10390,2860,3420,18210,17800,13320,14080,31530,31880,479,492,795,799,592,558,203,241,1274,1291,832,893,2106,2184,1144,1242,1349,1351,1028,965,321,386,2493,2593,1572,1686,4065,4279,221,231,342,356
Kansas,A-19,50,3340,3350,12440,13060,9680,9710,2760,3350,15780,16410,12020,12670,27800,29080,380,398,780,825,569,568,210,258,1160,1223,771,830,1931,2053,728,795,1297,1369,981,987,315,382,2024,2164,1392,1496,3416,3660,178,191,299,317
Kentucky,A-20,51,5170,4870,20160,19920,16430,15470,3730,4450,25330,24790,16640,17570,41970,42360,547,530,1178,1174,921,875,257,300,1725,1704,1007,1082,2732,2786,1025,1046,1833,1818,1459,1370,374,448,2857,2864,1704,1833,4561,4698,246,250,411,422
Louisiana,A-21,52,4360,4440,16460,17480,12940,13180,3520,4300,20820,21920,16500,17360,37320,39280,368,382,869,927,657,670,212,257,1238,1308,952,1022,2189,2331,787,858,1463,1555,1135,1153,328,403,2250,2413,1899,2047,4149,4460,189,205,352,376
Maine,A-22,53,1170,1220,4710,5150,3580,3760,1130,1390,5880,6370,5620,5910,11500,12280,120,133,290,321,210,226,80,94,411,454,335,356,746,810,235,272,467,510,351,367,116,143,701,782,575,614,1276,1397,83,92,147,160
Maryland,A-23,54,7350,7780,29970,32780,23600,24950,6370,7830,37320,40560,23310,24460,60630,65020,1000,1145,2083,2302,1521,1615,562,687,3083,3446,1647,1753,4730,5199,2038,2442,3461,3809,2644,2808,818,1001,5500,6251,2789,2969,8289,9220,571,646,851,937
Massachusetts,A-24,55,12700,12660,51760,53620,42130,41970,9630,11650,64460,66280,31770,33470,96230,99750,2188,2382,4709,4951,3518,3509,1191,1442,6897,7333,2992,3205,9890,10538,4436,5080,7236,7573,5611,5602,1625,1971,11672,12653,4641,4950,16312,17604,1095,1179,1536,1631
Michigan,A-25,56,12890,13470,56980,61170,47710,49840,9270,11330,69870,74640,36290,38020,106160,112660,1578,1755,3603,3891,2893,3028,710,863,5182,5645,2435,2592,7617,8237,3342,3907,5794,6246,4736,4952,1057,1294,9136,10153,4036,4296,13172,14449,772,860,1115,1214
Minnesota,A-26,57,8730,8810,39100,40740,32570,32830,6530,7910,47830,49550,24550,25800,72380,75350,1343,1472,2848,2998,2251,2280,597,717,4191,4469,1869,1995,6060,6464,2637,3032,4524,4746,3672,3707,853,1038,7162,7778,2997,3198,10159,10976,742,807,1028,1103
Mississippi,A-27,58,1610,1540,6040,6220,4300,4110,1740,2110,7650,7760,10730,11360,18380,19120,107,113,275,284,187,174,88,110,382,397,514,556,896,952,239,269,466,481,328,310,138,171,705,750,932,1005,1636,1755,75,81,161,171
Missouri,A-28,59,15260,16370,61440,66880,54550,58480,6890,8400,76700,83250,23620,24630,100320,107880,2508,2729,3733,4070,3223,3449,511,622,6241,6799,1467,1556,7708,8356,4940,5620,6211,6762,5456,5842,754,920,11151,12381,2488,2638,13639,15019,828,914,1048,1137
Montana,A-29,60,790,850,3130,3540,2210,2390,920,1150,3920,4390,4770,5010,8690,9400,69,83,181,207,117,128,64,79,250,290,257,273,507,564,164,209,285,324,199,216,86,108,449,532,445,475,894,1007,43,50,85,93
Nebraska,A-30,61,2920,2700,10700,10460,8640,8010,2060,2450,13620,13160,8700,9210,22320,22370,357,337,651,639,500,458,150,181,1007,976,570,617,1578,1592,857,876,1126,1108,882,821,244,287,1984,1983,1117,1199,3101,3183,159,160,245,250
Nevada,A-31,62,4430,4550,17550,18570,14660,15040,2890,3530,21980,23120,15250,15990,37230,39110,576,595,1079,1143,870,886,209,257,1655,1738,949,1014,2604,2752,1530,1682,1879,1994,1529,1570,350,424,3409,3676,1674,1778,5083,5454,269,290,438,465
New Hampshire,A-32,63,2040,2330,7710,9010,6090,6980,1620,2030,9750,11340,5970,6230,15720,17570,294,381,623,732,460,526,164,207,918,1114,467,494,1384,1607,578,777,935,1099,721,830,214,268,1514,1876,723,763,2237,2639,113,138,174,202
New Jersey,A-33,64,17510,18440,72110,77660,61530,64760,10580,12900,89620,96100,36530,38190,126150,134290,3024,3324,5790,6258,4760,5011,1029,1247,8814,9582,3063,3257,11877,12838,6488,7567,9031,9744,7571,7965,1460,1778,15519,17311,4885,5186,20403,22497,1725,1925,2340,2554
New Mexico,A-34,65,1490,1540,4610,5030,3400,3530,1210,1500,6100,6570,6530,6880,12630,13450,140,157,247,274,169,182,78,92,387,430,343,365,730,795,343,404,432,475,307,322,125,153,775,879,670,720,1445,1599,97,111,185,204
New York,A-35,66,33350,34120,128730,135760,107640,110090,21090,25670,162080,169880,82460,86510,244540,256390,7739,8006,11692,12361,9348,9535,2344,2827,19431,20367,8769,9395,28200,29762,16722,18398,19016,20100,15488,15800,3527,4300,35738,38498,15340,16302,51077,54800,4378,4723,6242,6640
North Carolina,A-36,67,14690,15270,67370,72110,55670,57840,11700,14270,82060,87380,41100,43120,123160,130500,1826,2021,4362,4709,3387,3516,975,1193,6189,6730,2736,2919,8924,9648,3997,4649,7049,7599,5595,5820,1453,1780,11046,12248,4720,5020,15766,17268,850,939,1228,1328
North Dakota,A-37,68,680,520,2050,1810,1430,1100,620,710,2730,2330,3490,3720,6220,6050,55,49,126,112,83,61,43,51,181,161,228,250,408,411,121,118,198,175,132,97,66,77,318,292,438,482,757,775,30,29,72,73
Ohio,A-38,69,15240,15300,66450,69190,54600,54840,11850,14350,81690,84490,46190,48580,127880,133070,1675,1784,4052,4252,3173,3188,879,1064,5727,6035,3029,3242,8756,9277,3251,3600,6710,7020,5424,5457,1286,1563,9961,10620,5464,5834,15426,16454,865,931,1252,1331
Oklahoma,A-39,71,2940,3200,11970,13530,9130,9980,2840,3550,14910,16730,14320,15000,29230,31730,205,233,660,749,481,529,179,220,865,982,859,922,1725,1904,449,536,1061,1201,798,877,263,325,1510,1737,1477,1589,2987,3326,133,153,245,271
Oregon,A-40,72,9330,9310,37500,38380,32660,32550,4840,5830,46830,47690,16990,17840,63820,65530,1567,1743,2547,2634,2125,2131,422,503,4114,4377,1189,1264,5303,5641,3507,4103,4086,4218,3454,3451,632,768,7593,8321,1958,2081,9551,10402,727,789,940,1007
Pennsylvania,A-41,73,17910,18270,76830,80880,63710,64960,13120,15920,94740,99150,52200,54800,146940,153950,2245,2440,5580,5907,4476,4572,1104,1335,7825,8347,4057,4333,11882,12679,4697,5372,8567,9054,6990,7139,1577,1915,13264,14427,6314,6740,19578,21167,1256,1363,1838,1966
Rhode Island,A-42,74,990,1020,3970,4320,3000,3120,970,1200,4960,5340,4440,4660,9400,10000,147,153,268,290,191,192,78,98,415,443,293,315,708,758,287,313,419,452,309,314,110,138,706,765,475,510,1181,1275,71,78,125,133
South Carolina,A-43,75,5880,5600,24780,24670,20340,19370,4440,5300,30660,30270,19250,20320,49910,50590,627,670,1386,1394,1099,1046,287,347,2012,2064,1128,1208,3140,3271,1223,1378,2262,2273,1819,1742,442,531,3485,3651,1941,2075,5426,5726,293,306,476,496
South Dakota,A-44,76,620,660,2160,2430,1500,1600,660,830,2780,3090,4170,4400,6950,7490,52,57,134,151,89,94,45,57,186,208,274,294,460,502,116,136,210,237,142,151,68,86,326,373,498,532,824,905,29,34,55,60
Tennessee,A-45,77,11190,10660,48670,48110,41450,39490,7220,8620,59860,58770,28740,30290,88600,89060,1532,1502,3282,3258,2715,2583,566,675,4814,4760,2006,2152,6820,6912,3287,3378,5212,5165,4388,4187,825,978,8500,8543,3325,3556,11825,12099,595,610,803,824
Texas,A-46,78,59560,61060,288440,302760,248580,254610,39860,48150,348000,363820,115800,121260,463800,485080,8737,9680,19363,20565,15693,16124,3670,4441,28100,30246,8199,8768,36298,39013,16953,19339,31432,33264,26222,26939,5210,6325,48385,52603,14674,15757,63059,68360,3247,3543,4223,4571
Utah,A-47,79,9570,8990,40090,38970,34970,32860,5120,6110,49660,47960,13840,14580,63500,62540,1329,1237,2456,2405,2047,1920,408,485,3785,3643,854,916,4639,4559,2784,2741,4189,4078,3599,3371,590,706,6973,6819,1561,1670,8535,8489,554,541,691,680
Vermont,A-48,80,660,720,2490,2810,1860,2020,630,790,3150,3530,3020,3170,6170,6700,68,75,162,185,111,127,51,58,230,260,181,191,411,451,156,183,254,287,191,208,63,78,410,469,296,315,706,784,48,54,91,99
Virginia,A-49,81,21100,22400,83920,90800,72650,77070,11270,13730,105020,113200,32690,34140,137710,147340,3653,4120,5843,6365,4785,5073,1058,1292,9496,10485,2364,2502,11861,12988,8017,9538,9658,10485,8194,8699,1464,1786,17675,20023,3922,4148,21598,24171,1492,1657,1923,2097
Washington,A-50,83,9570,8990,40090,38970,34970,32860,5120,6110,49660,47960,13840,14580,63500,62540,1329,1237,2456,2405,2047,1920,408,485,3785,3643,854,916,4639,4559,2784,2741,4189,4078,3599,3371,590,706,6973,6819,1561,1670,8535,8489,1889,1841,2257,2222
West Virginia,A-51,84,1580,1690,5070,5610,3980,4260,1090,1350,6650,7300,5360,5630,12010,12930,135,150,284,316,214,232,70,84,419,466,306,326,725,792,273,316,446,498,338,369,108,130,719,814,594,635,1313,1449,68,78,127,138
Wisconsin,A-52,85,9940,9540,38620,38450,32450,31070,6170,7380,48560,47990,24190,25510,72750,73500,1495,1588,2450,2468,1966,1889,484,578,3945,4056,1576,1685,5521,5741,3409,3869,4014,4037,3282,3157,732,880,7424,7906,2605,2775,10029,10681,641,670,878,916
Wyoming,A-53,86,450,500,3010,3400,2490,2750,520,650,3460,3900,2480,2580,5940,6480,34,38,153,172,122,134,31,38,187,210,144,154,331,364,73,89,246,276,201,217,46,59,319,365,299,323,618,688,22,26,45,50
