Y,Y_col,Variable,Column,N,Pearson_r,Pearson_p,Spearman_rho,Spearman_p
ΔP ($/MWh) — max,dP_max,Summer: Resources (earliest),summer_resources_earliest,12,0.31964049836088243,0.3111591063649166,0.46480025803463915,0.12789254146873882
ΔP ($/MWh) — max,dP_max,Summer: Resources (latest),summer_resources_latest,12,0.43828167075996693,0.1541113851181076,0.577479108467279,0.049269593383981736
ΔP ($/MWh) — max,dP_max,Summer: Demand 50 (earliest),summer_demand_50_earliest,12,0.33061471025318667,0.29388539258990937,0.535224539555039,0.0729392408466441
ΔP ($/MWh) — max,dP_max,Summer: Demand 50 (latest),summer_demand_50_latest,12,0.3746684315377122,0.23015510685090193,0.4859275424907591,0.1092271849290281
ΔP ($/MWh) — max,dP_max,Summer: Demand 90 (earliest),summer_demand_90_earliest,12,0.3588755329144113,0.2519615271408466,0.5573270251522321,0.059756255999596136
ΔP ($/MWh) — max,dP_max,Summer: Demand 90 (latest),summer_demand_90_latest,12,0.42381505352957877,0.16975726399428523,0.577479108467279,0.049269593383981736
ΔP ($/MWh) — max,dP_max,Summer: Peak Requirement (earliest),summer_peak_requirement_earliest,12,0.020950863668141556,0.9484713968732915,-0.29078014184397166,0.35918624323367243
ΔP ($/MWh) — max,dP_max,Summer: Peak Requirement (latest),summer_peak_requirement_latest,12,0.5388311306348617,0.0706633693828967,0.3900709219858156,0.21001304751705324
ΔP ($/MWh) — max,dP_max,Summer: Ref Margin Level (earliest),summer_ref_margin_level_earliest,12,-0.041404002567813576,0.8983398766847936,-0.007117482792171624,0.9824855027294206
ΔP ($/MWh) — max,dP_max,Summer: Ref Margin Level (latest),summer_ref_margin_level_latest,12,0.25428709676734157,0.4251235899612283,0.2652483093985932,0.4047258226886674
ΔP ($/MWh) — max,dP_max,Summer: Reserve Margin (earliest),summer_reserve_margin_earliest,12,-0.1571923149631788,0.6256242377387554,-0.11972127858467979,0.7109318595190934
ΔP ($/MWh) — max,dP_max,Summer: Reserve Margin (latest),summer_reserve_margin_latest,12,0.46108075596013987,0.13138059597583615,0.24648498532139956,0.43994311321635415
ΔP ($/MWh) — max,dP_max,Summer: Extreme Margin (earliest),summer_extreme_margin_earliest,12,-0.5331103557976101,0.07429647559058132,-0.5070548269468791,0.0924641835951045
ΔP ($/MWh) — max,dP_max,Summer: Extreme Margin (latest),summer_extreme_margin_latest,12,0.21948855825786945,0.49307788539216996,0.10563642228059981,0.743864672402831
ΔP ($/MWh) — max,dP_max,Long-Term: Eeu 2022 (earliest rpt),lt_eeu_2022_earliest,12,0.6052665058684412,0.03703110626303752,0.3871469211415076,0.21375134939682763
ΔP ($/MWh) — max,dP_max,Long-Term: Eeu 2022 (latest rpt),lt_eeu_2022_latest,12,0.6052665058684412,0.03703110626303752,0.3871469211415076,0.21375134939682763
ΔP ($/MWh) — max,dP_max,Long-Term: Eeu 2024 (earliest rpt),lt_eeu_2024_earliest,12,0.6268848432899956,0.02914172025602803,0.4129590035587613,0.18213078800557989
ΔP ($/MWh) — max,dP_max,Long-Term: Eeu 2024 (latest rpt),lt_eeu_2024_latest,12,0.6166146603504918,0.03272103780223964,0.6465374319538219,0.02309238948844909
ΔP ($/MWh) — max,dP_max,Long-Term: Lolh 2022 (earliest rpt),lt_lolh_2022_earliest,12,0.6056871260831606,0.0368644977851804,0.20672893847362056,0.5191501336137176
ΔP ($/MWh) — max,dP_max,Long-Term: Lolh 2022 (latest rpt),lt_lolh_2022_latest,12,0.6056871260831606,0.0368644977851804,0.20672893847362056,0.5191501336137176
ΔP ($/MWh) — max,dP_max,Long-Term: Lolh 2024 (earliest rpt),lt_lolh_2024_earliest,12,0.6290930485589641,0.02841062729843273,0.277490564112054,0.3825404693219119
ΔP ($/MWh) — max,dP_max,Long-Term: Lolh 2024 (latest rpt),lt_lolh_2024_latest,12,0.42908530302024045,0.16394635028829663,0.554981128224108,0.061070121099891225
ΔP ($/MWh) — max,dP_max,Long-Term: Eeu 2026 (earliest rpt),lt_eeu_2026_earliest,12,0.6139798190282374,0.03368791286280338,0.7083311768123483,0.009932537768673907
ΔP ($/MWh) — max,dP_max,Long-Term: Eeu 2026 (latest rpt),lt_eeu_2026_latest,12,0.2976254998396657,0.3474582802353495,-0.3298305005786054,0.295101444156745
ΔP ($/MWh) — max,dP_max,Long-Term: Lolh 2026 (earliest rpt),lt_lolh_2026_earliest,12,0.6255424079445722,0.02959274403655432,0.6280049608851748,0.02876919794375828
ΔP ($/MWh) — max,dP_max,Long-Term: Lolh 2026 (latest rpt),lt_lolh_2026_latest,12,0.2891925140404714,0.36193576003062405,-0.11276123916742942,0.7271526842733895
ΔP ($/MWh) — max,dP_max,Long-Term: Eeu 2028 (earliest rpt),lt_eeu_2028_earliest,12,0.6049305807601951,0.03716455204744327,0.13286507071021014,0.6806022341507214
ΔP ($/MWh) — max,dP_max,Long-Term: Eeu 2028 (latest rpt),lt_eeu_2028_latest,12,0.6049305807601951,0.03716455204744327,0.13286507071021014,0.6806022341507214
ΔP ($/MWh) — max,dP_max,Long-Term: Lolh 2028 (earliest rpt),lt_lolh_2028_earliest,12,0.6144996103415855,0.03349557183353319,0.1508198099953737,0.6398706985531581
ΔP ($/MWh) — max,dP_max,Long-Term: Lolh 2028 (latest rpt),lt_lolh_2028_latest,12,0.6144996103415855,0.03349557183353319,0.1508198099953737,0.6398706985531581
ΔP ($/MWh) — max,dP_max,Long-Term: Eeu 2027 (earliest rpt),lt_eeu_2027_earliest,10,0.46265086505174613,0.17817329075063934,0.5115017283995796,0.1307424033350741
ΔP ($/MWh) — max,dP_max,Long-Term: Eeu 2027 (latest rpt),lt_eeu_2027_latest,10,0.46265086505174613,0.17817329075063934,0.5115017283995796,0.1307424033350741
ΔP ($/MWh) — max,dP_max,Long-Term: Eeu 2029 (earliest rpt),lt_eeu_2029_earliest,10,0.35255826091970693,0.31770197382897036,0.22788918417616064,0.526584907975984
ΔP ($/MWh) — max,dP_max,Long-Term: Eeu 2029 (latest rpt),lt_eeu_2029_latest,10,0.35255826091970693,0.31770197382897036,0.22788918417616064,0.526584907975984
ΔP ($/MWh) — max,dP_max,Long-Term: Lolh 2027 (earliest rpt),lt_lolh_2027_earliest,10,0.4821078803929709,0.1582180654893884,0.5115017283995796,0.1307424033350741
ΔP ($/MWh) — max,dP_max,Long-Term: Lolh 2027 (latest rpt),lt_lolh_2027_latest,10,0.4821078803929709,0.1582180654893884,0.5115017283995796,0.1307424033350741
ΔP ($/MWh) — max,dP_max,Long-Term: Lolh 2029 (earliest rpt),lt_lolh_2029_earliest,10,0.37313450672521487,0.28823289603476515,0.33378993500564547,0.34589236700247333
ΔP ($/MWh) — max,dP_max,Long-Term: Lolh 2029 (latest rpt),lt_lolh_2029_latest,10,0.37313450672521487,0.28823289603476515,0.33378993500564547,0.34589236700247333
ΔP ($/MWh) — max,dP_max,Summer: Margin Above Ref (latest),summer_margin_above_ref_latest,12,0.17326432001608558,0.5902201319343248,0.10563642228059981,0.743864672402831
ΔP ($/MWh) — max,dP_max,Summer: Margin Above Ref (earliest),summer_margin_above_ref_earliest,12,-0.4483428881409212,0.14379215168261536,-0.41550326097035933,0.17918196554757054
ΔP ($/MWh) — max,dP_max,Long-Term: EEU (Δ forecast),lt_eeu_forecast_change,10,-0.6825673764371694,0.029636433847259194,0.164586633016116,0.6495621014980298
ΔP ($/MWh) — max,dP_max,Long-Term: LOLH (Δ forecast),lt_lolh_forecast_change,10,-0.4144249139278654,0.23375594398311073,0.18462325038887686,0.6096233736771824
ΔP ($/MWh) — mean,dP_mean,Summer: Resources (earliest),summer_resources_earliest,12,-0.014134900347797259,0.9652241585485702,0.3450789794499594,0.2719649798075829
ΔP ($/MWh) — mean,dP_mean,Summer: Resources (latest),summer_resources_latest,12,0.123270872037602,0.7027010344726017,0.46480025803463915,0.12789254146873882
ΔP ($/MWh) — mean,dP_mean,Summer: Demand 50 (earliest),summer_demand_50_earliest,12,0.01947521757253972,0.952096935896673,0.41550326097035933,0.17918196554757054
ΔP ($/MWh) — mean,dP_mean,Summer: Demand 50 (latest),summer_demand_50_latest,12,0.06576997470493996,0.83907409330435,0.36620626390607935,0.24169426770328267
ΔP ($/MWh) — mean,dP_mean,Summer: Demand 90 (earliest),summer_demand_90_earliest,12,0.02991152452970105,0.9264773491458659,0.44092327939258863,0.15135763341083794
ΔP ($/MWh) — mean,dP_mean,Summer: Demand 90 (latest),summer_demand_90_latest,12,0.1131484360725403,0.7262475238970356,0.46480025803463915,0.12789254146873882
ΔP ($/MWh) — mean,dP_mean,Summer: Peak Requirement (earliest),summer_peak_requirement_earliest,12,-0.28700926727458265,0.3657348220748808,-0.3971631205673759,0.20111193870834504
ΔP ($/MWh) — mean,dP_mean,Summer: Peak Requirement (latest),summer_peak_requirement_latest,12,0.3767294922919373,0.2273954109120162,0.24113475177304966,0.4502472260025804
ΔP ($/MWh) — mean,dP_mean,Summer: Ref Margin Level (earliest),summer_ref_margin_level_earliest,12,-0.15761788808369917,0.6246769288296828,-0.10320350048648853,0.7495950406873004
ΔP ($/MWh) — mean,dP_mean,Summer: Ref Margin Level (latest),summer_ref_margin_level_latest,12,0.07124462621146205,0.8258525965001876,0.11111753501832958,0.7309987682355601
ΔP ($/MWh) — mean,dP_mean,Summer: Reserve Margin (earliest),summer_reserve_margin_earliest,12,-0.21247643690936358,0.5073325518755231,-0.14789099119283972,0.6464563986783274
ΔP ($/MWh) — mean,dP_mean,Summer: Reserve Margin (latest),summer_reserve_margin_latest,12,0.4638487975404691,0.12877897840805438,0.2253577008652796,0.4812874129466269
ΔP ($/MWh) — mean,dP_mean,Summer: Extreme Margin (earliest),summer_extreme_margin_earliest,12,-0.46227679700497,0.13025230632090073,-0.40141840466627926,0.19588414206987326
ΔP ($/MWh) — mean,dP_mean,Summer: Extreme Margin (latest),summer_extreme_margin_latest,12,0.13874810356821926,0.6671634905495931,0.07042428152039988,0.827831199192635
ΔP ($/MWh) — mean,dP_mean,Long-Term: Eeu 2022 (earliest rpt),lt_eeu_2022_earliest,12,0.598168236139923,0.039924380408450866,0.4209752928917364,0.1729413668219431
ΔP ($/MWh) — mean,dP_mean,Long-Term: Eeu 2022 (latest rpt),lt_eeu_2022_latest,12,0.598168236139923,0.039924380408450866,0.4209752928917364,0.1729413668219431
ΔP ($/MWh) — mean,dP_mean,Long-Term: Eeu 2024 (earliest rpt),lt_eeu_2024_earliest,12,0.6179280856436402,0.03224657471221726,0.45964132570018645,0.13274689445057203
ΔP ($/MWh) — mean,dP_mean,Long-Term: Eeu 2024 (latest rpt),lt_eeu_2024_latest,12,0.610177290430632,0.035119117439401326,0.7317951152883918,0.006822095583148021
ΔP ($/MWh) — mean,dP_mean,Long-Term: Lolh 2022 (earliest rpt),lt_lolh_2022_earliest,12,0.5984603461028267,0.03980224509469082,0.19921152252912527,0.5347845085966638
ΔP ($/MWh) — mean,dP_mean,Long-Term: Lolh 2022 (latest rpt),lt_lolh_2022_latest,12,0.5984603461028267,0.03980224509469082,0.19921152252912527,0.5347845085966638
ΔP ($/MWh) — mean,dP_mean,Long-Term: Lolh 2024 (earliest rpt),lt_lolh_2024_earliest,12,0.619996057196718,0.03150957484750952,0.29209533064426735,0.35691692955214727
ΔP ($/MWh) — mean,dP_mean,Long-Term: Lolh 2024 (latest rpt),lt_lolh_2024_latest,12,0.43475907115326473,0.1578329433407075,0.6645168772157082,0.01840931702771784
ΔP ($/MWh) — mean,dP_mean,Long-Term: Eeu 2026 (earliest rpt),lt_eeu_2026_earliest,12,0.6095407050273942,0.035362895847737566,0.7886573927395218,0.0023001424578930315
ΔP ($/MWh) — mean,dP_mean,Long-Term: Eeu 2026 (latest rpt),lt_eeu_2026_latest,12,0.42040055211151756,0.17359032647850012,-0.26700564332553767,0.40150217657197973
ΔP ($/MWh) — mean,dP_mean,Long-Term: Lolh 2026 (earliest rpt),lt_lolh_2026_earliest,12,0.6240532154926947,0.03009893182015539,0.7448430931428818,0.005446201139530955
ΔP ($/MWh) — mean,dP_mean,Long-Term: Lolh 2026 (latest rpt),lt_lolh_2026_latest,12,0.38711821461976453,0.2137882487884539,-0.2180050623903635,0.4960784837934822
ΔP ($/MWh) — mean,dP_mean,Long-Term: Eeu 2028 (earliest rpt),lt_eeu_2028_earliest,12,0.6005442605687098,0.03893862574179144,0.24059350642119134,0.4512959705342794
ΔP ($/MWh) — mean,dP_mean,Long-Term: Eeu 2028 (latest rpt),lt_eeu_2028_latest,12,0.6005442605687098,0.03893862574179144,0.24059350642119134,0.4512959705342794
ΔP ($/MWh) — mean,dP_mean,Long-Term: Lolh 2028 (earliest rpt),lt_lolh_2028_earliest,12,0.46050450849126734,0.13192646343171788,0.014363791428130827,0.964661329263638
ΔP ($/MWh) — mean,dP_mean,Long-Term: Lolh 2028 (latest rpt),lt_lolh_2028_latest,12,0.46050450849126734,0.13192646343171788,0.014363791428130827,0.964661329263638
ΔP ($/MWh) — mean,dP_mean,Long-Term: Eeu 2027 (earliest rpt),lt_eeu_2027_earliest,10,0.4282667559050007,0.21691001257462844,0.4216433166537075,0.2248815084381939
ΔP ($/MWh) — mean,dP_mean,Long-Term: Eeu 2027 (latest rpt),lt_eeu_2027_latest,10,0.4282667559050007,0.21691001257462844,0.4216433166537075,0.2248815084381939
ΔP ($/MWh) — mean,dP_mean,Long-Term: Eeu 2029 (earliest rpt),lt_eeu_2029_earliest,10,-0.0022212591655946246,0.9951410195494812,0.12027484720408478,0.7406718831885614
ΔP ($/MWh) — mean,dP_mean,Long-Term: Eeu 2029 (latest rpt),lt_eeu_2029_latest,10,-0.0022212591655946246,0.9951410195494812,0.12027484720408478,0.7406718831885614
ΔP ($/MWh) — mean,dP_mean,Long-Term: Lolh 2027 (earliest rpt),lt_lolh_2027_earliest,10,0.35678872159116265,0.3115192877801776,0.4216433166537075,0.2248815084381939
ΔP ($/MWh) — mean,dP_mean,Long-Term: Lolh 2027 (latest rpt),lt_lolh_2027_latest,10,0.35678872159116265,0.3115192877801776,0.4216433166537075,0.2248815084381939
ΔP ($/MWh) — mean,dP_mean,Long-Term: Lolh 2029 (earliest rpt),lt_lolh_2029_earliest,10,0.0327906963814254,0.9283474277747841,0.22907152402348221,0.5243828138509019
ΔP ($/MWh) — mean,dP_mean,Long-Term: Lolh 2029 (latest rpt),lt_lolh_2029_latest,10,0.0327906963814254,0.9283474277747841,0.22907152402348221,0.5243828138509019
ΔP ($/MWh) — mean,dP_mean,Summer: Margin Above Ref (latest),summer_margin_above_ref_latest,12,0.15234979498669068,0.6364398234090125,0.14084856304079976,0.6623867956109181
ΔP ($/MWh) — mean,dP_mean,Summer: Margin Above Ref (earliest),summer_margin_above_ref_earliest,12,-0.34474033902840445,0.27246711031828674,-0.30986683868975945,0.3270050102150108
ΔP ($/MWh) — mean,dP_mean,Long-Term: EEU (Δ forecast),lt_eeu_forecast_change,10,-0.6874698172175514,0.028033034421699268,0.06963280627604908,0.8484146568428393
ΔP ($/MWh) — mean,dP_mean,Long-Term: LOLH (Δ forecast),lt_lolh_forecast_change,10,-0.5564681957223947,0.09479374435161024,0.10461984188703023,0.7736325877185214
ΔP ($/MWh) — median,dP_median,Summer: Resources (earliest),summer_resources_earliest,12,-0.09433351249251384,0.7705836201003304,0.2887395542336395,0.362722239733105
ΔP ($/MWh) — median,dP_median,Summer: Resources (latest),summer_resources_latest,12,0.04907924755727621,0.8796061110421884,0.40846083281831924,0.18741773178386253
ΔP ($/MWh) — median,dP_median,Summer: Demand 50 (earliest),summer_demand_50_earliest,12,-0.05500692463857352,0.8651760355333407,0.3591638357540393,0.2515529902663954
ΔP ($/MWh) — median,dP_median,Summer: Demand 50 (latest),summer_demand_50_latest,12,0.0030207623648666124,0.9925661830628937,0.30986683868975945,0.3270050102150108
ΔP ($/MWh) — median,dP_median,Summer: Demand 90 (earliest),summer_demand_90_earliest,12,-0.04542975136504665,0.8885073028204179,0.38448509963033733,0.21718926995124183
ΔP ($/MWh) — median,dP_median,Summer: Demand 90 (latest),summer_demand_90_latest,12,0.04343727359363527,0.8933720506746899,0.40846083281831924,0.18741773178386253
ΔP ($/MWh) — median,dP_median,Summer: Peak Requirement (earliest),summer_peak_requirement_earliest,12,-0.3438933303468669,0.27372537238901573,-0.4609929078014185,0.13146371764479003
ΔP ($/MWh) — median,dP_median,Summer: Peak Requirement (latest),summer_peak_requirement_latest,12,0.35377197298048807,0.2592577258869982,0.1843971631205674,0.5661638583699649
ΔP ($/MWh) — median,dP_median,Summer: Ref Margin Level (earliest),summer_ref_margin_level_earliest,12,-0.1031989622376644,0.7496057407876996,-0.14234965584343248,0.6589801813659888
ΔP ($/MWh) — median,dP_median,Summer: Ref Margin Level (latest),summer_ref_margin_level_latest,12,0.04589682194078873,0.8873674283469811,0.07885760549687905,0.8075364347673986
ΔP ($/MWh) — median,dP_median,Summer: Reserve Margin (earliest),summer_reserve_margin_earliest,12,-0.2602478062359419,0.41396945517646855,-0.1760607038009997,0.5841405301281157
ΔP ($/MWh) — median,dP_median,Summer: Reserve Margin (latest),summer_reserve_margin_latest,12,0.38913810094913626,0.2112013008704486,0.24648498532139956,0.43994311321635415
ΔP ($/MWh) — median,dP_median,Summer: Extreme Margin (earliest),summer_extreme_margin_earliest,12,-0.5017710580391254,0.09648207454953867,-0.36620626390607935,0.24169426770328267
ΔP ($/MWh) — median,dP_median,Summer: Extreme Margin (latest),summer_extreme_margin_latest,12,0.1032617886573075,0.7494576147876919,0.09155156597651984,0.7771962894578055
ΔP ($/MWh) — median,dP_median,Long-Term: Eeu 2022 (earliest rpt),lt_eeu_2022_earliest,12,0.5381724229630036,0.07107533936808522,0.4209752928917364,0.1729413668219431
ΔP ($/MWh) — median,dP_median,Long-Term: Eeu 2022 (latest rpt),lt_eeu_2022_latest,12,0.5381724229630036,0.07107533936808522,0.4209752928917364,0.1729413668219431
ΔP ($/MWh) — median,dP_median,Long-Term: Eeu 2024 (earliest rpt),lt_eeu_2024_earliest,12,0.5638011106668982,0.0562325215844263,0.4811870128423827,0.11324728534075623
ΔP ($/MWh) — median,dP_median,Long-Term: Eeu 2024 (latest rpt),lt_eeu_2024_latest,12,0.5524908551874886,0.062486651969080424,0.7673191500111293,0.0035790683899566945
ΔP ($/MWh) — median,dP_median,Long-Term: Lolh 2022 (earliest rpt),lt_lolh_2022_earliest,12,0.538111400447795,0.07111358752640569,0.19921152252912527,0.5347845085966638
ΔP ($/MWh) — median,dP_median,Long-Term: Lolh 2022 (latest rpt),lt_lolh_2022_latest,12,0.538111400447795,0.07111358752640569,0.19921152252912527,0.5347845085966638
ΔP ($/MWh) — median,dP_median,Long-Term: Lolh 2024 (earliest rpt),lt_lolh_2024_earliest,12,0.5666940485985258,0.05470585875113672,0.3140024804425874,0.32024713642136526
ΔP ($/MWh) — median,dP_median,Long-Term: Lolh 2024 (latest rpt),lt_lolh_2024_latest,12,0.35517898473362675,0.2572340832123699,0.7083311768123483,0.009932537768673907
ΔP ($/MWh) — median,dP_median,Long-Term: Eeu 2026 (earliest rpt),lt_eeu_2026_earliest,12,0.5484715093426789,0.06482074877870367,0.8251693090700553,0.0009515035871588218
ΔP ($/MWh) — median,dP_median,Long-Term: Eeu 2026 (latest rpt),lt_eeu_2026_latest,12,0.49690552139110933,0.10028407275851788,-0.21203389322910346,0.5082382326232866
ΔP ($/MWh) — median,dP_median,Long-Term: Lolh 2026 (earliest rpt),lt_lolh_2026_earliest,12,0.5632930457224841,0.05650367394070675,0.7740526262073085,0.0031285061064547266
ΔP ($/MWh) — median,dP_median,Long-Term: Lolh 2026 (latest rpt),lt_lolh_2026_latest,12,0.4623073263920675,0.1302235891963558,-0.22552247833485883,0.4809582682919016
ΔP ($/MWh) — median,dP_median,Long-Term: Eeu 2028 (earliest rpt),lt_eeu_2028_earliest,12,0.5411092761351487,0.06925123274441357,0.29445772427668193,0.3528598258613532
ΔP ($/MWh) — median,dP_median,Long-Term: Eeu 2028 (latest rpt),lt_eeu_2028_latest,12,0.5411092761351487,0.06925123274441357,0.29445772427668193,0.3528598258613532
ΔP ($/MWh) — median,dP_median,Long-Term: Lolh 2028 (earliest rpt),lt_lolh_2028_earliest,12,0.4143382673367089,0.18052848123316406,0.007181895714065413,0.9823270189643365
ΔP ($/MWh) — median,dP_median,Long-Term: Lolh 2028 (latest rpt),lt_lolh_2028_latest,12,0.4143382673367089,0.18052848123316406,0.007181895714065413,0.9823270189643365
ΔP ($/MWh) — median,dP_median,Long-Term: Eeu 2027 (earliest rpt),lt_eeu_2027_earliest,10,0.4976640445485941,0.14327909798519062,0.3939945745780546,0.25992499202141306
ΔP ($/MWh) — median,dP_median,Long-Term: Eeu 2027 (latest rpt),lt_eeu_2027_latest,10,0.4976640445485941,0.14327909798519062,0.3939945745780546,0.25992499202141306
ΔP ($/MWh) — median,dP_median,Long-Term: Eeu 2029 (earliest rpt),lt_eeu_2029_earliest,10,-0.08247237881074966,0.8208137538338096,0.082293316508058,0.8211975313223542
ΔP ($/MWh) — median,dP_median,Long-Term: Eeu 2029 (latest rpt),lt_eeu_2029_latest,10,-0.08247237881074966,0.8208137538338096,0.082293316508058,0.8211975313223542
ΔP ($/MWh) — median,dP_median,Long-Term: Lolh 2027 (earliest rpt),lt_lolh_2027_earliest,10,0.3983241380721993,0.2542500222071362,0.3939945745780546,0.25992499202141306
ΔP ($/MWh) — median,dP_median,Long-Term: Lolh 2027 (latest rpt),lt_lolh_2027_latest,10,0.3983241380721993,0.2542500222071362,0.3939945745780546,0.25992499202141306
ΔP ($/MWh) — median,dP_median,Long-Term: Lolh 2029 (earliest rpt),lt_lolh_2029_earliest,10,-0.03992531680132175,0.9128024536872619,0.18980211990517093,0.599444568848772
ΔP ($/MWh) — median,dP_median,Long-Term: Lolh 2029 (latest rpt),lt_lolh_2029_latest,10,-0.03992531680132175,0.9128024536872619,0.18980211990517093,0.599444568848772
ΔP ($/MWh) — median,dP_median,Summer: Margin Above Ref (latest),summer_margin_above_ref_latest,12,0.11679426087807686,0.7177404787355111,0.19014556010507966,0.553900040754205
ΔP ($/MWh) — median,dP_median,Summer: Margin Above Ref (earliest),summer_margin_above_ref_earliest,12,-0.39875113108715765,0.1991511124888287,-0.2746546979295595,0.38762285059130586
ΔP ($/MWh) — median,dP_median,Long-Term: EEU (Δ forecast),lt_eeu_forecast_change,10,-0.6504794999263168,0.04169681289408533,0.031651275580022314,0.9308321550033514
ΔP ($/MWh) — median,dP_median,Long-Term: LOLH (Δ forecast),lt_lolh_forecast_change,10,-0.5547067752421422,0.09606681835082637,0.06769519180925485,0.8525935160465902
ΔP (%) — max,dP_pct_max,Summer: Resources (earliest),summer_resources_earliest,12,0.42766989028065105,0.16549442848483317,0.5070548269468791,0.0924641835951045
ΔP (%) — max,dP_pct_max,Summer: Resources (latest),summer_resources_latest,12,0.535859174397658,0.07253516994698904,0.612691249227479,0.03416813855342598
ΔP (%) — max,dP_pct_max,Summer: Demand 50 (earliest),summer_demand_50_earliest,12,0.44242180487943034,0.14980957495740538,0.577479108467279,0.049269593383981736
ΔP (%) — max,dP_pct_max,Summer: Demand 50 (latest),summer_demand_50_latest,12,0.4834742139115985,0.11129566210209038,0.514097255098919,0.08728638545976065
ΔP (%) — max,dP_pct_max,Summer: Demand 90 (earliest),summer_demand_90_earliest,12,0.4663407869048403,0.12646575422231596,0.5961282737387799,0.04078475355388117
ΔP (%) — max,dP_pct_max,Summer: Demand 90 (latest),summer_demand_90_latest,12,0.5305021989172489,0.075994538971525,0.612691249227479,0.03416813855342598
ΔP (%) — max,dP_pct_max,Summer: Peak Requirement (earliest),summer_peak_requirement_earliest,12,0.09944636403882048,0.7584671783560752,-0.19148936170212766,0.5510490072913674
ΔP (%) — max,dP_pct_max,Summer: Peak Requirement (latest),summer_peak_requirement_latest,12,0.5113305956223991,0.08929650195759768,0.34751773049645396,0.2683645740592344
ΔP (%) — max,dP_pct_max,Summer: Ref Margin Level (earliest),summer_ref_margin_level_earliest,12,0.00047077457038300025,0.9988414535480545,-0.08185105210997366,0.8003581970586784
ΔP (%) — max,dP_pct_max,Summer: Ref Margin Level (latest),summer_ref_margin_level_latest,12,0.2179179877911146,0.4962548595239473,0.25449499955810967,0.4247320851191465
ΔP (%) — max,dP_pct_max,Summer: Reserve Margin (earliest),summer_reserve_margin_earliest,12,-0.19095593397328414,0.5521800104850696,-0.18310313195303968,0.5689395918915536
ΔP (%) — max,dP_pct_max,Summer: Reserve Margin (latest),summer_reserve_margin_latest,12,0.3895650335550496,0.2106569567717115,0.23240012901731957,0.4673126442064679
ΔP (%) — max,dP_pct_max,Summer: Extreme Margin (earliest),summer_extreme_margin_earliest,12,-0.5667080868667146,0.05469852190937948,-0.542266967707079,0.0685411247159129
ΔP (%) — max,dP_pct_max,Summer: Extreme Margin (latest),summer_extreme_margin_latest,12,0.15147211382221948,0.6384071601938068,0.06338185336835989,0.844853681587023
ΔP (%) — max,dP_pct_max,Long-Term: Eeu 2022 (earliest rpt),lt_eeu_2022_earliest,12,0.4844185588861673,0.1104964104646877,0.2819030979185735,0.37470117790891067
ΔP (%) — max,dP_pct_max,Long-Term: Eeu 2022 (latest rpt),lt_eeu_2022_latest,12,0.4844185588861673,0.1104964104646877,0.2819030979185735,0.37470117790891067
ΔP (%) — max,dP_pct_max,Long-Term: Eeu 2024 (earliest rpt),lt_eeu_2024_earliest,12,0.5047371363506706,0.09421246201008586,0.330367202847009,0.29426888986184424
ΔP (%) — max,dP_pct_max,Long-Term: Eeu 2024 (latest rpt),lt_eeu_2024_latest,12,0.49550888240258234,0.1013936559981554,0.589698976397442,0.043582446574374205
ΔP (%) — max,dP_pct_max,Long-Term: Lolh 2022 (earliest rpt),lt_lolh_2022_earliest,12,0.485574019351098,0.10952366593950301,0.15034831888990588,0.6409292917450888
ΔP (%) — max,dP_pct_max,Long-Term: Lolh 2022 (latest rpt),lt_lolh_2022_latest,12,0.485574019351098,0.10952366593950301,0.15034831888990588,0.6409292917450888
ΔP (%) — max,dP_pct_max,Long-Term: Lolh 2024 (earliest rpt),lt_lolh_2024_earliest,12,0.506859760813474,0.09261047688303439,0.24828103104762722,0.43650980302665465
ΔP (%) — max,dP_pct_max,Long-Term: Lolh 2024 (latest rpt),lt_lolh_2024_latest,12,0.433933909203638,0.15871289349241374,0.5403763616918946,0.06970339932337588
ΔP (%) — max,dP_pct_max,Long-Term: Eeu 2026 (earliest rpt),lt_eeu_2026_earliest,12,0.4916546638810306,0.1044981648541747,0.6426097274173881,0.024220791713530233
ΔP (%) — max,dP_pct_max,Long-Term: Eeu 2026 (latest rpt),lt_eeu_2026_latest,12,0.3432267538007159,0.2747179373766838,-0.26700564332553767,0.40150217657197973
ΔP (%) — max,dP_pct_max,Long-Term: Lolh 2026 (earliest rpt),lt_lolh_2026_earliest,12,0.5078712159194974,0.09185360736608116,0.5841906612885347,0.04608517305746912
ΔP (%) — max,dP_pct_max,Long-Term: Lolh 2026 (latest rpt),lt_lolh_2026_latest,12,0.33639955608158806,0.2850024999983849,-0.04886320363921941,0.8801326997620702
ΔP (%) — max,dP_pct_max,Long-Term: Eeu 2028 (earliest rpt),lt_eeu_2028_earliest,12,0.4844316861868028,0.11048532698352341,0.14722886213834097,0.6479485061346145
ΔP (%) — max,dP_pct_max,Long-Term: Eeu 2028 (latest rpt),lt_eeu_2028_latest,12,0.4844316861868028,0.11048532698352341,0.14722886213834097,0.6479485061346145
ΔP (%) — max,dP_pct_max,Long-Term: Lolh 2028 (earliest rpt),lt_lolh_2028_earliest,12,0.5374270211478563,0.07154351748960172,0.19750213213679885,0.5383672092375082
ΔP (%) — max,dP_pct_max,Long-Term: Lolh 2028 (latest rpt),lt_lolh_2028_latest,12,0.5374270211478563,0.07154351748960172,0.19750213213679885,0.5383672092375082
ΔP (%) — max,dP_pct_max,Long-Term: Eeu 2027 (earliest rpt),lt_eeu_2027_earliest,10,0.5334146563374194,0.11231964002965886,0.5115017283995796,0.1307424033350741
ΔP (%) — max,dP_pct_max,Long-Term: Eeu 2027 (latest rpt),lt_eeu_2027_latest,10,0.5334146563374194,0.11231964002965886,0.5115017283995796,0.1307424033350741
ΔP (%) — max,dP_pct_max,Long-Term: Eeu 2029 (earliest rpt),lt_eeu_2029_earliest,10,0.46603092891036196,0.17460495945441423,0.22788918417616064,0.526584907975984
ΔP (%) — max,dP_pct_max,Long-Term: Eeu 2029 (latest rpt),lt_eeu_2029_latest,10,0.46603092891036196,0.17460495945441423,0.22788918417616064,0.526584907975984
ΔP (%) — max,dP_pct_max,Long-Term: Lolh 2027 (earliest rpt),lt_lolh_2027_earliest,10,0.5676356800640295,0.08697252588248781,0.5115017283995796,0.1307424033350741
ΔP (%) — max,dP_pct_max,Long-Term: Lolh 2027 (latest rpt),lt_lolh_2027_latest,10,0.5676356800640295,0.08697252588248781,0.5115017283995796,0.1307424033350741
ΔP (%) — max,dP_pct_max,Long-Term: Lolh 2029 (earliest rpt),lt_lolh_2029_earliest,10,0.4893171125670699,0.15118311486656158,0.33378993500564547,0.34589236700247333
ΔP (%) — max,dP_pct_max,Long-Term: Lolh 2029 (latest rpt),lt_lolh_2029_latest,10,0.4893171125670699,0.15118311486656158,0.33378993500564547,0.34589236700247333
ΔP (%) — max,dP_pct_max,Summer: Margin Above Ref (latest),summer_margin_above_ref_latest,12,0.09927095657603116,0.7588820500109774,0.07042428152039988,0.827831199192635
ΔP (%) — max,dP_pct_max,Summer: Margin Above Ref (earliest),summer_margin_above_ref_earliest,12,-0.4926910652284002,0.10365721730901094,-0.42958811727443924,0.1633986208085633
ΔP (%) — max,dP_pct_max,Long-Term: EEU (Δ forecast),lt_eeu_forecast_change,10,-0.5421019488976556,0.10549450355459132,0.164586633016116,0.6495621014980298
ΔP (%) — max,dP_pct_max,Long-Term: LOLH (Δ forecast),lt_lolh_forecast_change,10,-0.25132016568633525,0.4836650137137441,0.18462325038887686,0.6096233736771824
ΔP (%) — mean,dP_pct_mean,Summer: Resources (earliest),summer_resources_earliest,12,0.04820549353482064,0.8817360859652914,0.3802911202101593,0.22267342233449083
ΔP (%) — mean,dP_pct_mean,Summer: Resources (latest),summer_resources_latest,12,0.17842499215911192,0.5790195715553021,0.4929699706427991,0.10343168331359415
ΔP (%) — mean,dP_pct_mean,Summer: Demand 50 (earliest),summer_demand_50_earliest,12,0.08691297633838736,0.788252239921404,0.4507154017305592,0.14142538770291083
ΔP (%) — mean,dP_pct_mean,Summer: Demand 50 (latest),summer_demand_50_latest,12,0.1300067276370781,0.687162798199898,0.3873335483621993,0.2135115526743914
ΔP (%) — mean,dP_pct_mean,Summer: Demand 90 (earliest),summer_demand_90_earliest,12,0.09175285847861436,0.7767173572710446,0.4726697555088551,0.12071337390466556
ΔP (%) — mean,dP_pct_mean,Summer: Demand 90 (latest),summer_demand_90_latest,12,0.17631645094128787,0.583585737821854,0.4929699706427991,0.10343168331359415
ΔP (%) — mean,dP_pct_mean,Summer: Peak Requirement (earliest),summer_peak_requirement_earliest,12,-0.2384740630062228,0.4554138643612377,-0.3262411347517731,0.3007034219270621
ΔP (%) — mean,dP_pct_mean,Summer: Peak Requirement (latest),summer_peak_requirement_latest,12,0.3386106789533894,0.2816480200562042,0.2695035460992908,0.3969424228346987
ΔP (%) — mean,dP_pct_mean,Summer: Ref Margin Level (earliest),summer_ref_margin_level_earliest,12,-0.14474256267254965,0.6535619655114238,-0.12811469025908923,0.6915164183429161
ΔP (%) — mean,dP_pct_mean,Summer: Ref Margin Level (latest),summer_ref_margin_level_latest,12,0.03174767401899983,0.9219758598266901,0.1433774645397801,0.6566510707585318
ΔP (%) — mean,dP_pct_mean,Summer: Reserve Margin (earliest),summer_reserve_margin_earliest,12,-0.24939307341196332,0.4343905562388351,-0.15493341934487972,0.6306611257501797
ΔP (%) — mean,dP_pct_mean,Summer: Reserve Margin (latest),summer_reserve_margin_latest,12,0.4119588111323911,0.18329824383829377,0.2746546979295595,0.38762285059130586
ΔP (%) — mean,dP_pct_mean,Summer: Extreme Margin (earliest),summer_extreme_margin_earliest,12,-0.48347991347896174,0.11129082679274381,-0.40846083281831924,0.18741773178386253
ΔP (%) — mean,dP_pct_mean,Summer: Extreme Margin (latest),summer_extreme_margin_latest,12,0.07731655983196825,0.8112371931321694,0.07746670967243986,0.81087645719889
ΔP (%) — mean,dP_pct_mean,Long-Term: Eeu 2022 (earliest rpt),lt_eeu_2022_earliest,12,0.5007119440358733,0.09730130671949414,0.372112089252517,0.2336056222825707
ΔP (%) — mean,dP_pct_mean,Long-Term: Eeu 2022 (latest rpt),lt_eeu_2022_latest,12,0.5007119440358733,0.09730130671949414,0.372112089252517,0.2336056222825707
ΔP (%) — mean,dP_pct_mean,Long-Term: Eeu 2024 (earliest rpt),lt_eeu_2024_earliest,12,0.5185444124060729,0.08411986995353853,0.4057771078446959,0.19061686497863015
ΔP (%) — mean,dP_pct_mean,Long-Term: Eeu 2024 (latest rpt),lt_eeu_2024_latest,12,0.5122638592505431,0.08861497935816087,0.6820614666765592,0.01455004153995633
ΔP (%) — mean,dP_pct_mean,Long-Term: Lolh 2022 (earliest rpt),lt_lolh_2022_earliest,12,0.5015567534977842,0.09664746571674246,0.19921152252912527,0.5347845085966638
ΔP (%) — mean,dP_pct_mean,Long-Term: Lolh 2022 (latest rpt),lt_lolh_2022_latest,12,0.5015567534977842,0.09664746571674246,0.19921152252912527,0.5347845085966638
ΔP (%) — mean,dP_pct_mean,Long-Term: Lolh 2024 (earliest rpt),lt_lolh_2024_earliest,12,0.5204337507943361,0.08279852998684847,0.29209533064426735,0.35691692955214727
ΔP (%) — mean,dP_pct_mean,Long-Term: Lolh 2024 (latest rpt),lt_lolh_2024_latest,12,0.43948211081213456,0.15285605224963988,0.6353073441512814,0.02642425773289602
ΔP (%) — mean,dP_pct_mean,Long-Term: Eeu 2026 (earliest rpt),lt_eeu_2026_earliest,12,0.5105554925775129,0.08986521121105509,0.7302383266106685,0.007002165378159727
ΔP (%) — mean,dP_pct_mean,Long-Term: Eeu 2026 (latest rpt),lt_eeu_2026_latest,12,0.4690785428158992,0.1239558844219237,-0.26700564332553767,0.40150217657197973
ΔP (%) — mean,dP_pct_mean,Long-Term: Lolh 2026 (earliest rpt),lt_lolh_2026_earliest,12,0.529053015389855,0.07694942374074758,0.6937264102801349,0.012338287915236092
ΔP (%) — mean,dP_pct_mean,Long-Term: Lolh 2026 (latest rpt),lt_lolh_2026_latest,12,0.4351977149944013,0.15736644048693138,-0.2180050623903635,0.4960784837934822
ΔP (%) — mean,dP_pct_mean,Long-Term: Eeu 2028 (earliest rpt),lt_eeu_2028_earliest,12,0.5037218351231887,0.09498527581109523,0.19391118427976617,0.5459262152384845
ΔP (%) — mean,dP_pct_mean,Long-Term: Eeu 2028 (latest rpt),lt_eeu_2028_latest,12,0.5037218351231887,0.09498527581109523,0.19391118427976617,0.5459262152384845
ΔP (%) — mean,dP_pct_mean,Long-Term: Lolh 2028 (earliest rpt),lt_lolh_2028_earliest,12,0.3883480048130785,0.21221093345673797,0.014363791428130827,0.964661329263638
ΔP (%) — mean,dP_pct_mean,Long-Term: Lolh 2028 (latest rpt),lt_lolh_2028_latest,12,0.3883480048130785,0.21221093345673797,0.014363791428130827,0.964661329263638
ΔP (%) — mean,dP_pct_mean,Long-Term: Eeu 2027 (earliest rpt),lt_eeu_2027_earliest,10,0.47801746588254695,0.16229570809297955,0.4216433166537075,0.2248815084381939
ΔP (%) — mean,dP_pct_mean,Long-Term: Eeu 2027 (latest rpt),lt_eeu_2027_latest,10,0.47801746588254695,0.16229570809297955,0.4216433166537075,0.2248815084381939
ΔP (%) — mean,dP_pct_mean,Long-Term: Eeu 2029 (earliest rpt),lt_eeu_2029_earliest,10,0.06000867546658388,0.8692027069420064,0.12027484720408478,0.7406718831885614
ΔP (%) — mean,dP_pct_mean,Long-Term: Eeu 2029 (latest rpt),lt_eeu_2029_latest,10,0.06000867546658388,0.8692027069420064,0.12027484720408478,0.7406718831885614
ΔP (%) — mean,dP_pct_mean,Long-Term: Lolh 2027 (earliest rpt),lt_lolh_2027_earliest,10,0.41175562903737345,0.2370868813709632,0.4216433166537075,0.2248815084381939
ΔP (%) — mean,dP_pct_mean,Long-Term: Lolh 2027 (latest rpt),lt_lolh_2027_latest,10,0.41175562903737345,0.2370868813709632,0.4216433166537075,0.2248815084381939
ΔP (%) — mean,dP_pct_mean,Long-Term: Lolh 2029 (earliest rpt),lt_lolh_2029_earliest,10,0.09797588293530066,0.7877232716576538,0.22907152402348221,0.5243828138509019
ΔP (%) — mean,dP_pct_mean,Long-Term: Lolh 2029 (latest rpt),lt_lolh_2029_latest,10,0.09797588293530066,0.7877232716576538,0.22907152402348221,0.5243828138509019
ΔP (%) — mean,dP_pct_mean,Summer: Margin Above Ref (latest),summer_margin_above_ref_latest,12,0.08870113910567723,0.7839858405465578,0.14789099119283972,0.6464563986783274
ΔP (%) — mean,dP_pct_mean,Summer: Margin Above Ref (earliest),summer_margin_above_ref_earliest,12,-0.36782557388664516,0.2394602017603023,-0.31690926684179943,0.31554360361640527
ΔP (%) — mean,dP_pct_mean,Long-Term: EEU (Δ forecast),lt_eeu_forecast_change,10,-0.568278806303287,0.0865351778435771,0.06963280627604908,0.8484146568428393
ΔP (%) — mean,dP_pct_mean,Long-Term: LOLH (Δ forecast),lt_lolh_forecast_change,10,-0.43156530310270147,0.2130014351183789,0.10461984188703023,0.7736325877185214
ΔP (%) — median,dP_pct_median,Summer: Resources (earliest),summer_resources_earliest,12,-0.07296846394693957,0.8216978858489176,0.3450789794499594,0.2719649798075829
ΔP (%) — median,dP_pct_median,Summer: Resources (latest),summer_resources_latest,12,0.06741135665262926,0.8351059300749991,0.4507154017305592,0.14142538770291083
ΔP (%) — median,dP_pct_median,Summer: Demand 50 (earliest),summer_demand_50_earliest,12,-0.02889950424537194,0.9289592640875685,0.40846083281831924,0.18741773178386253
ΔP (%) — median,dP_pct_median,Summer: Demand 50 (latest),summer_demand_50_latest,12,0.02869433026639343,0.9294625116557116,0.3521214076019994,0.26164342813511765
ΔP (%) — median,dP_pct_median,Summer: Demand 90 (earliest),summer_demand_90_earliest,12,-0.023156946439515075,0.9430529282941598,0.43034112068716657,0.16258052158124417
ΔP (%) — median,dP_pct_median,Summer: Demand 90 (latest),summer_demand_90_latest,12,0.06856529265972891,0.8323183102005534,0.4507154017305592,0.14142538770291083
ΔP (%) — median,dP_pct_median,Summer: Peak Requirement (earliest),summer_peak_requirement_earliest,12,-0.31290020884291253,0.32204075616500294,-0.34751773049645396,0.2683645740592344
ΔP (%) — median,dP_pct_median,Summer: Peak Requirement (latest),summer_peak_requirement_latest,12,0.31347311057971877,0.3211078425273281,0.14893617021276598,0.6441035211931071
ΔP (%) — median,dP_pct_median,Summer: Ref Margin Level (earliest),summer_ref_margin_level_earliest,12,-0.11377066763875916,0.7247935903009853,-0.14234965584343248,0.6589801813659888
ΔP (%) — median,dP_pct_median,Summer: Ref Margin Level (latest),summer_ref_margin_level_latest,12,0.018095976749430608,0.9554863704795139,0.04659767597542853,0.8856573790810021
ΔP (%) — median,dP_pct_median,Summer: Reserve Margin (earliest),summer_reserve_margin_earliest,12,-0.2999213249061182,0.3435713558890658,-0.20423041640915962,0.5243243274359985
ΔP (%) — median,dP_pct_median,Summer: Reserve Margin (latest),summer_reserve_margin_latest,12,0.350012116923769,0.26471064312453724,0.2183152727132396,0.49545035953231165
ΔP (%) — median,dP_pct_median,Summer: Extreme Margin (earliest),summer_extreme_margin_earliest,12,-0.527212090318049,0.07817421414437849,-0.3943759765142393,0.20458190665795498
ΔP (%) — median,dP_pct_median,Summer: Extreme Margin (latest),summer_extreme_margin_latest,12,0.05483531612958923,0.8655932809534879,0.02816971260815995,0.9307493932264658
ΔP (%) — median,dP_pct_median,Long-Term: Eeu 2022 (earliest rpt),lt_eeu_2022_earliest,12,0.48144984934310353,0.11302187011845835,0.30821405372430705,0.329727332534009
ΔP (%) — median,dP_pct_median,Long-Term: Eeu 2022 (latest rpt),lt_eeu_2022_latest,12,0.48144984934310353,0.11302187011845835,0.30821405372430705,0.329727332534009
ΔP (%) — median,dP_pct_median,Long-Term: Eeu 2024 (earliest rpt),lt_eeu_2024_earliest,12,0.5052968413716333,0.09378824641148246,0.39141331641656507,0.20831021551484247
ΔP (%) — median,dP_pct_median,Long-Term: Eeu 2024 (latest rpt),lt_eeu_2024_latest,12,0.4954072451846967,0.10147472211832644,0.7033758875102017,0.010705620950673171
ΔP (%) — median,dP_pct_median,Long-Term: Lolh 2022 (earliest rpt),lt_lolh_2022_earliest,12,0.4814645349088482,0.11300928416408425,0.13531348700091528,0.6749986421757673
ΔP (%) — median,dP_pct_median,Long-Term: Lolh 2022 (latest rpt),lt_lolh_2022_latest,12,0.4814645349088482,0.11300928416408425,0.13531348700091528,0.6749986421757673
ΔP (%) — median,dP_pct_median,Long-Term: Lolh 2024 (earliest rpt),lt_lolh_2024_earliest,12,0.507981008347953,0.09177170159497192,0.277490564112054,0.3825404693219119
ΔP (%) — median,dP_pct_median,Long-Term: Lolh 2024 (latest rpt),lt_lolh_2024_latest,12,0.3422321245165771,0.27620282148480724,0.6718192604818148,0.016721790320600883
ΔP (%) — median,dP_pct_median,Long-Term: Eeu 2026 (earliest rpt),lt_eeu_2026_earliest,12,0.49051091857357787,0.10543147441320498,0.7448430931428818,0.005446201139530955
ΔP (%) — median,dP_pct_median,Long-Term: Eeu 2026 (latest rpt),lt_eeu_2026_latest,12,0.553420698678745,0.06195509595210497,-0.14920903597603577,0.6434897457207662
ΔP (%) — median,dP_pct_median,Long-Term: Lolh 2026 (earliest rpt),lt_lolh_2026_earliest,12,0.5074459625192685,0.09217131372345742,0.7010287935462416,0.011087010266935099
ΔP (%) — median,dP_pct_median,Long-Term: Lolh 2026 (latest rpt),lt_lolh_2026_latest,12,0.518783539268273,0.08395184677613506,-0.16162444280664878,0.6157842089932375
ΔP (%) — median,dP_pct_median,Long-Term: Eeu 2028 (earliest rpt),lt_eeu_2028_earliest,12,0.4853724675900803,0.10969293530963721,0.24059350642119134,0.4512959705342794
ΔP (%) — median,dP_pct_median,Long-Term: Eeu 2028 (latest rpt),lt_eeu_2028_latest,12,0.4853724675900803,0.10969293530963721,0.24059350642119134,0.4512959705342794
ΔP (%) — median,dP_pct_median,Long-Term: Lolh 2028 (earliest rpt),lt_lolh_2028_earliest,12,0.3833045300229874,0.2187246785742984,-0.014363791428130827,0.964661329263638
ΔP (%) — median,dP_pct_median,Long-Term: Lolh 2028 (latest rpt),lt_lolh_2028_latest,12,0.3833045300229874,0.2187246785742984,-0.014363791428130827,0.964661329263638
ΔP (%) — median,dP_pct_median,Long-Term: Eeu 2027 (earliest rpt),lt_eeu_2027_earliest,10,0.5445946741624382,0.10358566068204457,0.48385298632392665,0.15649739721810457
ΔP (%) — median,dP_pct_median,Long-Term: Eeu 2027 (latest rpt),lt_eeu_2027_latest,10,0.5445946741624382,0.10358566068204457,0.48385298632392665,0.15649739721810457
ΔP (%) — median,dP_pct_median,Long-Term: Eeu 2029 (earliest rpt),lt_eeu_2029_earliest,10,-0.06113947190776879,0.8667562194397905,0.15192612278410708,0.6752268408839923
ΔP (%) — median,dP_pct_median,Long-Term: Eeu 2029 (latest rpt),lt_eeu_2029_latest,10,-0.06113947190776879,0.8667562194397905,0.15192612278410708,0.6752268408839923
ΔP (%) — median,dP_pct_median,Long-Term: Lolh 2027 (earliest rpt),lt_lolh_2027_earliest,10,0.44308537798069486,0.19967114143047698,0.48385298632392665,0.15649739721810457
ΔP (%) — median,dP_pct_median,Long-Term: Lolh 2027 (latest rpt),lt_lolh_2027_latest,10,0.44308537798069486,0.19967114143047698,0.48385298632392665,0.15649739721810457
ΔP (%) — median,dP_pct_median,Long-Term: Lolh 2029 (earliest rpt),lt_lolh_2029_earliest,10,-0.015423665026357898,0.9662687578247827,0.255251126769023,0.47661712235295883
ΔP (%) — median,dP_pct_median,Long-Term: Lolh 2029 (latest rpt),lt_lolh_2029_latest,10,-0.015423665026357898,0.9662687578247827,0.255251126769023,0.47661712235295883
ΔP (%) — median,dP_pct_median,Summer: Margin Above Ref (latest),summer_margin_above_ref_latest,12,0.06502459566303162,0.8408772446440393,0.12676370673671977,0.6946303258690809
ΔP (%) — median,dP_pct_median,Summer: Margin Above Ref (earliest),summer_margin_above_ref_earliest,12,-0.41703725650340695,0.1774185420989188,-0.3239516949938394,0.3043074354691464
ΔP (%) — median,dP_pct_median,Long-Term: EEU (Δ forecast),lt_eeu_forecast_change,10,-0.5726806941459656,0.08357963072158307,0.12027484720408478,0.7406718831885614
ΔP (%) — median,dP_pct_median,Long-Term: LOLH (Δ forecast),lt_lolh_forecast_change,10,-0.4802511792634658,0.1600612320224622,0.1538527086573974,0.6713011207023838
β ($/MWh per GW DC),causal_beta,Summer: Resources (earliest),summer_resources_earliest,12,-0.22547195438563047,0.481059179434205,-0.0657565232844218,0.8391066274558925
β ($/MWh per GW DC),causal_beta,Summer: Resources (latest),summer_resources_latest,12,-0.10955436115140499,0.7346617040779148,0.058450242919486035,0.856810830678767
β ($/MWh per GW DC),causal_beta,Summer: Demand 50 (earliest),summer_demand_50_earliest,12,-0.22005114760129119,0.491942104543956,0.007306280364935754,0.9820209803623123
β ($/MWh per GW DC),causal_beta,Summer: Demand 50 (latest),summer_demand_50_latest,12,-0.20305946669612365,0.5267568631629512,-0.014612560729871509,0.9640496374365699
β ($/MWh per GW DC),causal_beta,Summer: Demand 90 (earliest),summer_demand_90_earliest,12,-0.2129710293203662,0.5063211956525207,0.032935892294050625,0.9190639455540768
β ($/MWh per GW DC),causal_beta,Summer: Demand 90 (latest),summer_demand_90_latest,12,-0.15712522396608317,0.6257736271183927,0.058450242919486035,0.856810830678767
β ($/MWh per GW DC),causal_beta,Summer: Peak Requirement (earliest),summer_peak_requirement_earliest,12,-0.43970074854059205,0.15262812209885857,-0.5224120003300998,0.08143020224282131
β ($/MWh per GW DC),causal_beta,Summer: Peak Requirement (latest),summer_peak_requirement_latest,12,0.2394023940333213,0.4536080146205196,0.029431661990428154,0.927654107547495
β ($/MWh per GW DC),causal_beta,Summer: Ref Margin Level (earliest),summer_ref_margin_level_earliest,12,-0.30480165784353835,0.33538677403251244,-0.2732134393184372,0.3902190280643698
β ($/MWh per GW DC),causal_beta,Summer: Ref Margin Level (latest),summer_ref_margin_level_latest,12,0.13809603573908918,0.6686486900413602,0.07809335983922762,0.8093712915228297
β ($/MWh per GW DC),causal_beta,Summer: Reserve Margin (earliest),summer_reserve_margin_earliest,12,-0.01470172334894522,0.9638304023002274,0.0,1.0
β ($/MWh per GW DC),causal_beta,Summer: Reserve Margin (latest),summer_reserve_margin_latest,12,0.6734309293764088,0.01636521186373954,0.387232859341595,0.2136409074169904
β ($/MWh per GW DC),causal_beta,Summer: Extreme Margin (earliest),summer_extreme_margin_earliest,12,0.009599724108075892,0.9763785815017555,0.0657565232844218,0.8391066274558925
β ($/MWh per GW DC),causal_beta,Summer: Extreme Margin (latest),summer_extreme_margin_latest,12,0.46110723532464154,0.13135554798729318,0.1972695698532654,0.538855415779772
β ($/MWh per GW DC),causal_beta,Long-Term: Eeu 2022 (earliest rpt),lt_eeu_2022_earliest,12,0.708666580663114,0.00988175825882181,0.29246490339278935,0.35628061368648145
β ($/MWh per GW DC),causal_beta,Long-Term: Eeu 2022 (latest rpt),lt_eeu_2022_latest,12,0.708666580663114,0.00988175825882181,0.29246490339278935,0.35628061368648145
β ($/MWh per GW DC),causal_beta,Long-Term: Eeu 2024 (earliest rpt),lt_eeu_2024_earliest,12,0.7212728963675683,0.00810950147565728,0.29058795599018034,0.35951848993335167
β ($/MWh per GW DC),causal_beta,Long-Term: Eeu 2024 (latest rpt),lt_eeu_2024_latest,12,0.7145520556320365,0.009021798889372651,0.6044216922208464,0.03736736005605208
β ($/MWh per GW DC),causal_beta,Long-Term: Lolh 2022 (earliest rpt),lt_lolh_2022_earliest,12,0.7087788174367007,0.009864809078584332,0.2612686470308918,0.41207392041304813
β ($/MWh per GW DC),causal_beta,Long-Term: Lolh 2022 (latest rpt),lt_lolh_2022_latest,12,0.7087788174367007,0.009864809078584332,0.2612686470308918,0.41207392041304813
β ($/MWh per GW DC),causal_beta,Long-Term: Lolh 2024 (earliest rpt),lt_lolh_2024_earliest,12,0.7219122915334183,0.008026456130835954,0.0909116997533343,0.7787191856702715
β ($/MWh per GW DC),causal_beta,Long-Term: Lolh 2024 (latest rpt),lt_lolh_2024_latest,12,0.401397064509078,0.19591014849408786,0.5454701985200059,0.0666025020454032
β ($/MWh per GW DC),causal_beta,Long-Term: Eeu 2026 (earliest rpt),lt_eeu_2026_earliest,12,0.7188234436554082,0.008433598596978622,0.7424455479855635,0.005681750922866711
β ($/MWh per GW DC),causal_beta,Long-Term: Eeu 2026 (latest rpt),lt_eeu_2026_latest,12,-0.12001578858723268,0.7102478549826156,-0.2118306407920262,0.5086544343894864
β ($/MWh per GW DC),causal_beta,Long-Term: Lolh 2026 (earliest rpt),lt_lolh_2026_earliest,12,0.7175538042247508,0.008605350288703751,0.6212299483144511,0.03107563907256099
β ($/MWh per GW DC),causal_beta,Long-Term: Lolh 2026 (latest rpt),lt_lolh_2026_latest,12,-0.15724956532056675,0.6254967704154749,-0.33535975589039846,0.28658778341405655
β ($/MWh per GW DC),causal_beta,Long-Term: Eeu 2028 (earliest rpt),lt_eeu_2028_earliest,12,0.7084633050191148,0.009912510666593108,0.3427447686038025,0.27543692106224027
β ($/MWh per GW DC),causal_beta,Long-Term: Eeu 2028 (latest rpt),lt_eeu_2028_latest,12,0.7084633050191148,0.009912510666593108,0.3427447686038025,0.27543692106224027
β ($/MWh per GW DC),causal_beta,Long-Term: Lolh 2028 (earliest rpt),lt_lolh_2028_earliest,12,0.47185906366634583,0.12144042555691661,0.018627433076293616,0.9541802527256736
β ($/MWh per GW DC),causal_beta,Long-Term: Lolh 2028 (latest rpt),lt_lolh_2028_latest,12,0.47185906366634583,0.12144042555691661,0.018627433076293616,0.9541802527256736
β ($/MWh per GW DC),causal_beta,Long-Term: Eeu 2027 (earliest rpt),lt_eeu_2027_earliest,10,-0.18142673110148855,0.6159363254988355,0.020999055063782718,0.9540848173922799
β ($/MWh per GW DC),causal_beta,Long-Term: Eeu 2027 (latest rpt),lt_eeu_2027_latest,10,-0.18142673110148855,0.6159363254988355,0.020999055063782718,0.9540848173922799
β ($/MWh per GW DC),causal_beta,Long-Term: Eeu 2029 (earliest rpt),lt_eeu_2029_earliest,10,-0.30127552966909565,0.39759149376901803,-0.2756466890516269,0.4407868786097109
β ($/MWh per GW DC),causal_beta,Long-Term: Eeu 2029 (latest rpt),lt_eeu_2029_latest,10,-0.30127552966909565,0.39759149376901803,-0.2756466890516269,0.4407868786097109
β ($/MWh per GW DC),causal_beta,Long-Term: Lolh 2027 (earliest rpt),lt_lolh_2027_earliest,10,-0.2242664386252883,0.533355563350837,0.020999055063782718,0.9540848173922799
β ($/MWh per GW DC),causal_beta,Long-Term: Lolh 2027 (latest rpt),lt_lolh_2027_latest,10,-0.2242664386252883,0.533355563350837,0.020999055063782718,0.9540848173922799
β ($/MWh per GW DC),causal_beta,Long-Term: Lolh 2029 (earliest rpt),lt_lolh_2029_earliest,10,-0.30491694130525526,0.39162574726446964,-0.15243826905685703,0.6741825700966338
β ($/MWh per GW DC),causal_beta,Long-Term: Lolh 2029 (latest rpt),lt_lolh_2029_latest,10,-0.30491694130525526,0.39162574726446964,-0.15243826905685703,0.6741825700966338
β ($/MWh per GW DC),causal_beta,Summer: Margin Above Ref (latest),summer_margin_above_ref_latest,12,0.5535211506665104,0.06189785977603006,0.3945391397065308,0.2043777693741378
β ($/MWh per GW DC),causal_beta,Summer: Margin Above Ref (earliest),summer_margin_above_ref_earliest,12,0.1186086642332473,0.7135176886225,0.1972695698532654,0.538855415779772
β ($/MWh per GW DC),causal_beta,Long-Term: EEU (Δ forecast),lt_eeu_forecast_change,10,-0.7737226485134853,0.008639248751315944,-0.2756466890516269,0.4407868786097109
β ($/MWh per GW DC),causal_beta,Long-Term: LOLH (Δ forecast),lt_lolh_forecast_change,10,-0.7657601075553897,0.009818097824234142,-0.30536856610010144,0.39088888443956094
