region,zone,significant,dP,dDC_GW,beta,nerc_area_summer,nerc_area_lt,summer_resources_earliest,summer_resources_latest,summer_demand_50_earliest,summer_demand_50_latest,summer_demand_90_earliest,summer_demand_90_latest,summer_peak_requirement_earliest,summer_peak_requirement_latest,summer_ref_margin_level_earliest,summer_ref_margin_level_latest,summer_reserve_margin_earliest,summer_reserve_margin_latest,summer_extreme_margin_earliest,summer_extreme_margin_latest,summer_margin_above_ref_latest,summer_margin_above_ref_earliest,lt_eeu_2022_earliest,lt_eeu_2022_latest,lt_eeu_2024_earliest,lt_eeu_2024_latest,lt_lolh_2022_earliest,lt_lolh_2022_latest,lt_lolh_2024_earliest,lt_lolh_2024_latest,lt_eeu_2026_earliest,lt_eeu_2026_latest,lt_lolh_2026_earliest,lt_lolh_2026_latest,lt_eeu_2028_earliest,lt_eeu_2028_latest,lt_lolh_2028_earliest,lt_lolh_2028_latest,lt_eeu_2027_earliest,lt_eeu_2027_latest,lt_eeu_2029_earliest,lt_eeu_2029_latest,lt_lolh_2027_earliest,lt_lolh_2027_latest,lt_lolh_2029_earliest,lt_lolh_2029_latest,lt_eeu_forecast_change,lt_lolh_forecast_change
CAISO,PGE,True,3.5747,0.2468,14.486630180847705,WECC-CA | WECC-CAMX,WECC-CA | WECC-CAMX,63.6,84.8,52.0,54.1,56.9,64.3,1.1,3.3,0.12,0.192,0.22307692307692312,0.5674676524953788,0.09841827768014065,0.26749611197511663,0.07549611197511663,-0.021581722319859345,3721.39,3721.39,8817.86,136.0,22.06,22.06,55.61,0.721,1785.0,0.0,9.792,0.0,70.07,70.07,0.38,0.38,0.0,0.0,0.0,0.0,0.0,0.0,0.0,0.0,-3721.39,-22.06
CAISO,PGSB,True,11.5089,0.7944,14.486630180847705,WECC-CA | WECC-CAMX,WECC-CA | WECC-CAMX,63.6,84.8,52.0,54.1,56.9,64.3,1.1,3.3,0.12,0.192,0.22307692307692312,0.5674676524953788,0.09841827768014065,0.26749611197511663,0.07549611197511663,-0.021581722319859345,3721.39,3721.39,8817.86,136.0,22.06,22.06,55.61,0.721,1785.0,0.0,9.792,0.0,70.07,70.07,0.38,0.38,0.0,0.0,0.0,0.0,0.0,0.0,0.0,0.0,-3721.39,-22.06
CAISO,SCE,True,6.7473,0.4658,14.486630180847705,WECC-CA | WECC-CAMX,WECC-CA | WECC-CAMX,63.6,84.8,52.0,54.1,56.9,64.3,1.1,3.3,0.12,0.192,0.22307692307692312,0.5674676524953788,0.09841827768014065,0.26749611197511663,0.07549611197511663,-0.021581722319859345,3721.39,3721.39,8817.86,136.0,22.06,22.06,55.61,0.721,1785.0,0.0,9.792,0.0,70.07,70.07,0.38,0.38,0.0,0.0,0.0,0.0,0.0,0.0,0.0,0.0,-3721.39,-22.06
CAISO,SDGE,True,0.2569,0.0177,14.486630180847705,WECC-CA | WECC-CAMX,WECC-CA | WECC-CAMX,63.6,84.8,52.0,54.1,56.9,64.3,1.1,3.3,0.12,0.192,0.22307692307692312,0.5674676524953788,0.09841827768014065,0.26749611197511663,0.07549611197511663,-0.021581722319859345,3721.39,3721.39,8817.86,136.0,22.06,22.06,55.61,0.721,1785.0,0.0,9.792,0.0,70.07,70.07,0.38,0.38,0.0,0.0,0.0,0.0,0.0,0.0,0.0,0.0,-3721.39,-22.06
ERCOT,Houston,True,0.2019,0.0673,2.9992700538341635,ERCOT,ERCOT,78.8,92.2,72.6,81.4,75.9,86.7,2.3,1.5,0.1375,0.1375,0.08539944903581272,0.13267813267813264,0.007905138339920839,0.0461361014994233,-0.09136389850057672,-0.12959486166007916,0.0,0.0,0.03,1.09,0.0,0.0,0.03,0.15,2.63,18.95,0.3,1.57,1.12,1.12,0.16,0.16,8.7,8.7,18.84,18.84,0.95,0.95,3.64,3.64,18.84,3.64
ERCOT,North,True,7.8111,2.6043,2.9992700538341635,ERCOT,ERCOT,78.8,92.2,72.6,81.4,75.9,86.7,2.3,1.5,0.1375,0.1375,0.08539944903581272,0.13267813267813264,0.007905138339920839,0.0461361014994233,-0.09136389850057672,-0.12959486166007916,0.0,0.0,0.03,1.09,0.0,0.0,0.03,0.15,2.63,18.95,0.3,1.57,1.12,1.12,0.16,0.16,8.7,8.7,18.84,18.84,0.95,0.95,3.64,3.64,18.84,3.64
ERCOT,South,True,3.546,1.1823,2.9992700538341635,ERCOT,ERCOT,78.8,92.2,72.6,81.4,75.9,86.7,2.3,1.5,0.1375,0.1375,0.08539944903581272,0.13267813267813264,0.007905138339920839,0.0461361014994233,-0.09136389850057672,-0.12959486166007916,0.0,0.0,0.03,1.09,0.0,0.0,0.03,0.15,2.63,18.95,0.3,1.57,1.12,1.12,0.16,0.16,8.7,8.7,18.84,18.84,0.95,0.95,3.64,3.64,18.84,3.64
ERCOT,West,True,6.3807,2.1274,2.9992700538341635,ERCOT,ERCOT,78.8,92.2,72.6,81.4,75.9,86.7,2.3,1.5,0.1375,0.1375,0.08539944903581272,0.13267813267813264,0.007905138339920839,0.0461361014994233,-0.09136389850057672,-0.12959486166007916,0.0,0.0,0.03,1.09,0.0,0.0,0.03,0.15,2.63,18.95,0.3,1.57,1.12,1.12,0.16,0.16,8.7,8.7,18.84,18.84,0.95,0.95,3.64,3.64,18.84,3.64
MISO,LRZ 1,True,2.9541,1.0043,2.9413336449479743,MISO,MISO,141.2,145.1,118.4,116.3,125.1,121.6,1.5,2.4,0.168,0.157,0.1925675675675674,0.24763542562338778,0.11670663469224617,0.17351973684210528,0.01651973684210528,-0.051293365307753844,0.04,0.04,0.02,0.304,0.2,0.2,0.09,0.808,0.108,0.0,0.393,0.0,0.0,0.0,0.0,0.0,1.13,1.13,42.39,42.39,0.23,0.23,6.61,6.61,42.35,6.41
MISO,"LRZ 2, 7",True,0.7489,0.2546,2.9413336449479743,MISO,MISO,141.2,145.1,118.4,116.3,125.1,121.6,1.5,2.4,0.168,0.157,0.1925675675675674,0.24763542562338778,0.11670663469224617,0.17351973684210528,0.01651973684210528,-0.051293365307753844,0.04,0.04,0.02,0.304,0.2,0.2,0.09,0.808,0.108,0.0,0.393,0.0,0.0,0.0,0.0,0.0,1.13,1.13,42.39,42.39,0.23,0.23,6.61,6.61,42.35,6.41
MISO,"LRZ 3, 5",True,3.2984,1.1214,2.9413336449479743,MISO,MISO,141.2,145.1,118.4,116.3,125.1,121.6,1.5,2.4,0.168,0.157,0.1925675675675674,0.24763542562338778,0.11670663469224617,0.17351973684210528,0.01651973684210528,-0.051293365307753844,0.04,0.04,0.02,0.304,0.2,0.2,0.09,0.808,0.108,0.0,0.393,0.0,0.0,0.0,0.0,0.0,1.13,1.13,42.39,42.39,0.23,0.23,6.61,6.61,42.35,6.41
MISO,LRZ 4,True,0.0015,0.0005,2.9413336449479743,MISO,MISO,141.2,145.1,118.4,116.3,125.1,121.6,1.5,2.4,0.168,0.157,0.1925675675675674,0.24763542562338778,0.11670663469224617,0.17351973684210528,0.01651973684210528,-0.051293365307753844,0.04,0.04,0.02,0.304,0.2,0.2,0.09,0.808,0.108,0.0,0.393,0.0,0.0,0.0,0.0,0.0,1.13,1.13,42.39,42.39,0.23,0.23,6.61,6.61,42.35,6.41
MISO,LRZ 6,True,0.9634,0.3275,2.9413336449479743,MISO,MISO,141.2,145.1,118.4,116.3,125.1,121.6,1.5,2.4,0.168,0.157,0.1925675675675674,0.24763542562338778,0.11670663469224617,0.17351973684210528,0.01651973684210528,-0.051293365307753844,0.04,0.04,0.02,0.304,0.2,0.2,0.09,0.808,0.108,0.0,0.393,0.0,0.0,0.0,0.0,0.0,1.13,1.13,42.39,42.39,0.23,0.23,6.61,6.61,42.35,6.41
MISO,"LRZ 8, 9, 10",True,0.5722,0.1945,2.9413336449479743,MISO,MISO,141.2,145.1,118.4,116.3,125.1,121.6,1.5,2.4,0.168,0.157,0.1925675675675674,0.24763542562338778,0.11670663469224617,0.17351973684210528,0.01651973684210528,-0.051293365307753844,0.04,0.04,0.02,0.304,0.2,0.2,0.09,0.808,0.108,0.0,0.393,0.0,0.0,0.0,0.0,0.0,1.13,1.13,42.39,42.39,0.23,0.23,6.61,6.61,42.35,6.41
PJM,AEP,True,2.2644,2.589,0.8746416184936152,PJM,PJM,184.7,182.4,143.2,146.2,164.1,158.7,6.3,2.8,0.159,0.177,0.28980446927374304,0.24760601915184693,0.08714198659354049,0.1316950220541904,-0.045304977945809594,-0.07185801340645952,0.0,0.0,0.0,0.0,0.0,0.0,0.0,0.0,0.0,0.0,0.0,0.11,0.0,0.0,0.22,0.22,3.5,3.5,65.5,65.5,0.61,0.61,9.97,9.97,65.5,9.97
PJM,APS,True,0.0085,0.0097,0.8746416184936152,PJM,PJM,184.7,182.4,143.2,146.2,164.1,158.7,6.3,2.8,0.159,0.177,0.28980446927374304,0.24760601915184693,0.08714198659354049,0.1316950220541904,-0.045304977945809594,-0.07185801340645952,0.0,0.0,0.0,0.0,0.0,0.0,0.0,0.0,0.0,0.0,0.0,0.11,0.0,0.0,0.22,0.22,3.5,3.5,65.5,65.5,0.61,0.61,9.97,9.97,65.5,9.97
PJM,ATSI,True,0.2463,0.2817,0.8746416184936152,PJM,PJM,184.7,182.4,143.2,146.2,164.1,158.7,6.3,2.8,0.159,0.177,0.28980446927374304,0.24760601915184693,0.08714198659354049,0.1316950220541904,-0.045304977945809594,-0.07185801340645952,0.0,0.0,0.0,0.0,0.0,0.0,0.0,0.0,0.0,0.0,0.0,0.11,0.0,0.0,0.22,0.22,3.5,3.5,65.5,65.5,0.61,0.61,9.97,9.97,65.5,9.97
PJM,BGE,True,0.0124,0.0142,0.8746416184936152,PJM,PJM,184.7,182.4,143.2,146.2,164.1,158.7,6.3,2.8,0.159,0.177,0.28980446927374304,0.24760601915184693,0.08714198659354049,0.1316950220541904,-0.045304977945809594,-0.07185801340645952,0.0,0.0,0.0,0.0,0.0,0.0,0.0,0.0,0.0,0.0,0.0,0.11,0.0,0.0,0.22,0.22,3.5,3.5,65.5,65.5,0.61,0.61,9.97,9.97,65.5,9.97
PJM,COMED,True,1.6019,1.8314,0.8746416184936152,PJM,PJM,184.7,182.4,143.2,146.2,164.1,158.7,6.3,2.8,0.159,0.177,0.28980446927374304,0.24760601915184693,0.08714198659354049,0.1316950220541904,-0.045304977945809594,-0.07185801340645952,0.0,0.0,0.0,0.0,0.0,0.0,0.0,0.0,0.0,0.0,0.0,0.11,0.0,0.0,0.22,0.22,3.5,3.5,65.5,65.5,0.61,0.61,9.97,9.97,65.5,9.97
PJM,DAY,True,0.0002,0.0003,0.8746416184936152,PJM,PJM,184.7,182.4,143.2,146.2,164.1,158.7,6.3,2.8,0.159,0.177,0.28980446927374304,0.24760601915184693,0.08714198659354049,0.1316950220541904,-0.045304977945809594,-0.07185801340645952,0.0,0.0,0.0,0.0,0.0,0.0,0.0,0.0,0.0,0.0,0.0,0.11,0.0,0.0,0.22,0.22,3.5,3.5,65.5,65.5,0.61,0.61,9.97,9.97,65.5,9.97
PJM,DEOK,True,0.0645,0.0738,0.8746416184936152,PJM,PJM,184.7,182.4,143.2,146.2,164.1,158.7,6.3,2.8,0.159,0.177,0.28980446927374304,0.24760601915184693,0.08714198659354049,0.1316950220541904,-0.045304977945809594,-0.07185801340645952,0.0,0.0,0.0,0.0,0.0,0.0,0.0,0.0,0.0,0.0,0.0,0.11,0.0,0.0,0.22,0.22,3.5,3.5,65.5,65.5,0.61,0.61,9.97,9.97,65.5,9.97
PJM,DOM,True,6.9219,7.9139,0.8746416184936152,PJM,PJM,184.7,182.4,143.2,146.2,164.1,158.7,6.3,2.8,0.159,0.177,0.28980446927374304,0.24760601915184693,0.08714198659354049,0.1316950220541904,-0.045304977945809594,-0.07185801340645952,0.0,0.0,0.0,0.0,0.0,0.0,0.0,0.0,0.0,0.0,0.0,0.11,0.0,0.0,0.22,0.22,3.5,3.5,65.5,65.5,0.61,0.61,9.97,9.97,65.5,9.97
PJM,DUQ,True,0.4055,0.4636,0.8746416184936152,PJM,PJM,184.7,182.4,143.2,146.2,164.1,158.7,6.3,2.8,0.159,0.177,0.28980446927374304,0.24760601915184693,0.08714198659354049,0.1316950220541904,-0.045304977945809594,-0.07185801340645952,0.0,0.0,0.0,0.0,0.0,0.0,0.0,0.0,0.0,0.0,0.0,0.11,0.0,0.0,0.22,0.22,3.5,3.5,65.5,65.5,0.61,0.61,9.97,9.97,65.5,9.97
PJM,EKPC PJM,True,0.0374,0.0427,0.8746416184936152,PJM,PJM,184.7,182.4,143.2,146.2,164.1,158.7,6.3,2.8,0.159,0.177,0.28980446927374304,0.24760601915184693,0.08714198659354049,0.1316950220541904,-0.045304977945809594,-0.07185801340645952,0.0,0.0,0.0,0.0,0.0,0.0,0.0,0.0,0.0,0.0,0.0,0.11,0.0,0.0,0.22,0.22,3.5,3.5,65.5,65.5,0.61,0.61,9.97,9.97,65.5,9.97
PJM,JCPL,True,0.0021,0.0024,0.8746416184936152,PJM,PJM,184.7,182.4,143.2,146.2,164.1,158.7,6.3,2.8,0.159,0.177,0.28980446927374304,0.24760601915184693,0.08714198659354049,0.1316950220541904,-0.045304977945809594,-0.07185801340645952,0.0,0.0,0.0,0.0,0.0,0.0,0.0,0.0,0.0,0.0,0.0,0.11,0.0,0.0,0.22,0.22,3.5,3.5,65.5,65.5,0.61,0.61,9.97,9.97,65.5,9.97
PJM,PECO,True,0.2449,0.28,0.8746416184936152,PJM,PJM,184.7,182.4,143.2,146.2,164.1,158.7,6.3,2.8,0.159,0.177,0.28980446927374304,0.24760601915184693,0.08714198659354049,0.1316950220541904,-0.045304977945809594,-0.07185801340645952,0.0,0.0,0.0,0.0,0.0,0.0,0.0,0.0,0.0,0.0,0.0,0.11,0.0,0.0,0.22,0.22,3.5,3.5,65.5,65.5,0.61,0.61,9.97,9.97,65.5,9.97
PJM,PENELEC,True,0.1732,0.198,0.8746416184936152,PJM,PJM,184.7,182.4,143.2,146.2,164.1,158.7,6.3,2.8,0.159,0.177,0.28980446927374304,0.24760601915184693,0.08714198659354049,0.1316950220541904,-0.045304977945809594,-0.07185801340645952,0.0,0.0,0.0,0.0,0.0,0.0,0.0,0.0,0.0,0.0,0.0,0.11,0.0,0.0,0.22,0.22,3.5,3.5,65.5,65.5,0.61,0.61,9.97,9.97,65.5,9.97
PJM,PEPCO,True,0.0002,0.0002,0.8746416184936152,PJM,PJM,184.7,182.4,143.2,146.2,164.1,158.7,6.3,2.8,0.159,0.177,0.28980446927374304,0.24760601915184693,0.08714198659354049,0.1316950220541904,-0.045304977945809594,-0.07185801340645952,0.0,0.0,0.0,0.0,0.0,0.0,0.0,0.0,0.0,0.0,0.0,0.11,0.0,0.0,0.22,0.22,3.5,3.5,65.5,65.5,0.61,0.61,9.97,9.97,65.5,9.97
PJM,PPL,True,0.23,0.263,0.8746416184936152,PJM,PJM,184.7,182.4,143.2,146.2,164.1,158.7,6.3,2.8,0.159,0.177,0.28980446927374304,0.24760601915184693,0.08714198659354049,0.1316950220541904,-0.045304977945809594,-0.07185801340645952,0.0,0.0,0.0,0.0,0.0,0.0,0.0,0.0,0.0,0.0,0.0,0.11,0.0,0.0,0.22,0.22,3.5,3.5,65.5,65.5,0.61,0.61,9.97,9.97,65.5,9.97
PJM,PSEG,True,0.0961,0.1099,0.8746416184936152,PJM,PJM,184.7,182.4,143.2,146.2,164.1,158.7,6.3,2.8,0.159,0.177,0.28980446927374304,0.24760601915184693,0.08714198659354049,0.1316950220541904,-0.045304977945809594,-0.07185801340645952,0.0,0.0,0.0,0.0,0.0,0.0,0.0,0.0,0.0,0.0,0.0,0.11,0.0,0.0,0.22,0.22,3.5,3.5,65.5,65.5,0.61,0.61,9.97,9.97,65.5,9.97
Non-ISO Cities,Atlanta,True,2.004,0.2858,7.011500580852446,SERC-SE,SERC-SE,59.7,64.6,45.0,45.7,48.7,55.9,3.2,2.5,0.1315,0.15,0.3266666666666667,0.4135667396061267,0.1601642710472279,0.11091234347048293,-0.03908765652951707,0.028664271047227907,0.0,0.0,0.0,0.0,0.0,0.0,0.0,0.0,0.0,0.0,0.0,0.0,0.0,0.0,0.0,0.0,0.0,0.0,0.0,0.0,0.0,0.0,0.0,0.0,0.0,0.0
Non-ISO Cities,Boardman,True,7.9405,1.1325,7.011500580852446,NWPP-US | NWPP-US+RMRG | WECC-NW,NWPP-US+RMRG | WECC-NW,70.05,38.5,53.2,29.1,62.45,32.7,1.3,1.7,0.1925,0.231,0.316093559710581,0.32302405498281783,0.09998571539880012,0.1253822629969418,-0.10561773700305821,-0.09251428460119988,32.69,32.69,621.8,4.22,0.25,0.25,4.39,0.036,27.18,0.0,0.233,0.0,0.0,0.0,0.0,0.0,0.0,0.0,36.64,36.64,0.0,0.0,85.0,85.0,3.950000000000003,84.75
Non-ISO Cities,Chandler,True,1.4439,0.2059,7.011500580852446,WECC-SW | SRSG,WECC-SW | SRSG,32.1,43.0,23.0,35.1,26.9,39.0,0.379,2.1,0.15,0.133,0.3956521739130435,0.225071225071225,0.17921933085501873,0.04871794871794872,-0.0842820512820513,0.029219330855018738,0.11,0.11,0.75,0.68,0.0,0.0,0.0,0.003,71.17,0.0,0.368,0.0,0.13,0.13,0.0,0.0,0.0,0.0,0.0,0.0,0.0,0.0,0.0,0.0,-0.11,0.0
Non-ISO Cities,Charlotte,True,0.0571,0.0081,7.011500580852446,SERC-E | SERC-C,SERC-E | SERC-C,51.05,52.45,40.75,42.2,43.05,45.7,1.35,1.5,0.1315,0.15,0.25522405176368335,0.24255791099255933,0.15590950363196135,0.11487964989059074,-0.035120350109409254,0.024409503631961343,0.0,0.0,0.01,0.136,0.0,0.0,0.005,0.03,0.1945,0.3,0.0405,0.045,0.405,0.405,0.085,0.085,0.49,0.49,1.135,1.135,0.075,0.075,0.165,0.165,1.135,0.165
Non-ISO Cities,Goodyear,True,3.9679,0.5659,7.011500580852446,WECC-SW | SRSG,WECC-SW | SRSG,32.1,43.0,23.0,35.1,26.9,39.0,0.379,2.1,0.15,0.133,0.3956521739130435,0.225071225071225,0.17921933085501873,0.04871794871794872,-0.0842820512820513,0.029219330855018738,0.11,0.11,0.75,0.68,0.0,0.0,0.0,0.003,71.17,0.0,0.368,0.0,0.13,0.13,0.0,0.0,0.0,0.0,0.0,0.0,0.0,0.0,0.0,0.0,-0.11,0.0
Non-ISO Cities,Hillsboro,True,6.1982,0.884,7.011500580852446,NWPP-US | NWPP-US+RMRG | WECC-NW,NWPP-US+RMRG | WECC-NW,70.05,38.5,53.2,29.1,62.45,32.7,1.3,1.7,0.1925,0.231,0.316093559710581,0.32302405498281783,0.09998571539880012,0.1253822629969418,-0.10561773700305821,-0.09251428460119988,32.69,32.69,621.8,4.22,0.25,0.25,4.39,0.036,27.18,0.0,0.233,0.0,0.0,0.0,0.0,0.0,0.0,0.0,36.64,36.64,0.0,0.0,85.0,85.0,3.950000000000003,84.75
Non-ISO Cities,Huntsville,True,4.0072,0.5715,7.011500580852446,SERC-SE,SERC-SE,59.7,64.6,45.0,45.7,48.7,55.9,3.2,2.5,0.1315,0.15,0.3266666666666667,0.4135667396061267,0.1601642710472279,0.11091234347048293,-0.03908765652951707,0.028664271047227907,0.0,0.0,0.0,0.0,0.0,0.0,0.0,0.0,0.0,0.0,0.0,0.0,0.0,0.0,0.0,0.0,0.0,0.0,0.0,0.0,0.0,0.0,0.0,0.0,0.0,0.0
Non-ISO Cities,Las Vegas,True,1.1675,0.1665,7.011500580852446,WECC-SW | SRSG,WECC-SW | SRSG,32.1,43.0,23.0,35.1,26.9,39.0,0.379,2.1,0.15,0.133,0.3956521739130435,0.225071225071225,0.17921933085501873,0.04871794871794872,-0.0842820512820513,0.029219330855018738,0.11,0.11,0.75,0.68,0.0,0.0,0.0,0.003,71.17,0.0,0.368,0.0,0.13,0.13,0.0,0.0,0.0,0.0,0.0,0.0,0.0,0.0,0.0,0.0,-0.11,0.0
Non-ISO Cities,Lithia Springs,True,2.0302,0.2896,7.011500580852446,SERC-SE,SERC-SE,59.7,64.6,45.0,45.7,48.7,55.9,3.2,2.5,0.1315,0.15,0.3266666666666667,0.4135667396061267,0.1601642710472279,0.11091234347048293,-0.03908765652951707,0.028664271047227907,0.0,0.0,0.0,0.0,0.0,0.0,0.0,0.0,0.0,0.0,0.0,0.0,0.0,0.0,0.0,0.0,0.0,0.0,0.0,0.0,0.0,0.0,0.0,0.0,0.0,0.0
Non-ISO Cities,Mesa,True,5.2331,0.7464,7.011500580852446,WECC-SW | SRSG,WECC-SW | SRSG,32.1,43.0,23.0,35.1,26.9,39.0,0.379,2.1,0.15,0.133,0.3956521739130435,0.225071225071225,0.17921933085501873,0.04871794871794872,-0.0842820512820513,0.029219330855018738,0.11,0.11,0.75,0.68,0.0,0.0,0.0,0.003,71.17,0.0,0.368,0.0,0.13,0.13,0.0,0.0,0.0,0.0,0.0,0.0,0.0,0.0,0.0,0.0,-0.11,0.0
Non-ISO Cities,Miami,True,0.0358,0.0051,7.011500580852446,SERC-FP,SERC-FP,55.8,59.9,44.7,49.8,45.2,50.8,2.3,1.5,0.15,0.15,0.24832214765100658,0.20281124497991973,0.18362831858407064,0.14960629921259846,-0.0003937007874015297,0.03362831858407064,0.0,0.0,0.0,0.004,0.03,0.03,0.0,0.002,0.004,0.01,0.002,0.01,0.06,0.06,0.02,0.02,0.0,0.0,0.0,0.0,0.0,0.0,0.0,0.0,0.0,-0.03
Non-ISO Cities,Moncks Corner,True,0.6263,0.0893,7.011500580852446,SERC-E,SERC-E,51.4,54.8,42.7,42.5,44.8,45.7,1.2,1.5,0.1315,0.15,0.2037470725995315,0.2894117647058823,0.12053571428571432,0.16630196936542657,0.016301969365426577,-0.01096428571428569,0.0,0.0,0.02,0.272,0.0,0.0,0.01,0.06,0.389,0.6,0.081,0.09,0.81,0.81,0.17,0.17,0.98,0.98,2.27,2.27,0.15,0.15,0.33,0.33,2.27,0.33
Non-ISO Cities,Phoenix,True,2.5287,0.3606,7.011500580852446,WECC-SW | SRSG,WECC-SW | SRSG,32.1,43.0,23.0,35.1,26.9,39.0,0.379,2.1,0.15,0.133,0.3956521739130435,0.225071225071225,0.17921933085501873,0.04871794871794872,-0.0842820512820513,0.029219330855018738,0.11,0.11,0.75,0.68,0.0,0.0,0.0,0.003,71.17,0.0,0.368,0.0,0.13,0.13,0.0,0.0,0.0,0.0,0.0,0.0,0.0,0.0,0.0,0.0,-0.11,0.0
Non-ISO Cities,Quincy,True,4.196,0.5984,7.011500580852446,NWPP-US | NWPP-US+RMRG | WECC-NW,NWPP-US+RMRG | WECC-NW,70.05,38.5,53.2,29.1,62.45,32.7,1.3,1.7,0.1925,0.231,0.316093559710581,0.32302405498281783,0.09998571539880012,0.1253822629969418,-0.10561773700305821,-0.09251428460119988,32.69,32.69,621.8,4.22,0.25,0.25,4.39,0.036,27.18,0.0,0.233,0.0,0.0,0.0,0.0,0.0,0.0,0.0,36.64,36.64,0.0,0.0,85.0,85.0,3.950000000000003,84.75
Non-ISO Cities,Reno,True,0.762,0.1087,7.011500580852446,NWPP-US | WECC-Basin | NWPP-US+RMRG,NWPP-US+RMRG | WECC-Basin,70.05,16.9,53.2,13.6,62.45,15.0,1.3,0.9,0.1925,0.14,0.316093559710581,0.24264705882352933,0.09998571539880012,0.06666666666666657,-0.07333333333333344,-0.09251428460119988,32.69,32.69,621.8,4.22,0.25,0.25,4.39,0.036,27.18,0.0,0.233,0.0,0.0,0.0,0.0,0.0,0.04,0.04,2250.0,2250.0,3.0,3.0,310.0,310.0,2217.31,309.75
Non-ISO Cities,Seattle,True,0.2311,0.033,7.011500580852446,NWPP-US | NWPP-US+RMRG | WECC-NW,NWPP-US+RMRG | WECC-NW,70.05,38.5,53.2,29.1,62.45,32.7,1.3,1.7,0.1925,0.231,0.316093559710581,0.32302405498281783,0.09998571539880012,0.1253822629969418,-0.10561773700305821,-0.09251428460119988,32.69,32.69,621.8,4.22,0.25,0.25,4.39,0.036,27.18,0.0,0.233,0.0,0.0,0.0,0.0,0.0,0.0,0.0,36.64,36.64,0.0,0.0,85.0,85.0,3.950000000000003,84.75
Non-ISO Cities,Sparks,True,5.5286,0.7885,7.011500580852446,NWPP-US | WECC-Basin | NWPP-US+RMRG,NWPP-US+RMRG | WECC-Basin,70.05,16.9,53.2,13.6,62.45,15.0,1.3,0.9,0.1925,0.14,0.316093559710581,0.24264705882352933,0.09998571539880012,0.06666666666666657,-0.07333333333333344,-0.09251428460119988,32.69,32.69,621.8,4.22,0.25,0.25,4.39,0.036,27.18,0.0,0.233,0.0,0.0,0.0,0.0,0.0,0.04,0.04,2250.0,2250.0,3.0,3.0,310.0,310.0,2217.31,309.75
Non-ISO Cities,Tukwila,True,0.3972,0.0567,7.011500580852446,NWPP-US | NWPP-US+RMRG | WECC-NW,NWPP-US+RMRG | WECC-NW,70.05,38.5,53.2,29.1,62.45,32.7,1.3,1.7,0.1925,0.231,0.316093559710581,0.32302405498281783,0.09998571539880012,0.1253822629969418,-0.10561773700305821,-0.09251428460119988,32.69,32.69,621.8,4.22,0.25,0.25,4.39,0.036,27.18,0.0,0.233,0.0,0.0,0.0,0.0,0.0,0.0,0.0,36.64,36.64,0.0,0.0,85.0,85.0,3.950000000000003,84.75
ISONE,.Z.CONNECTICUT,False,0.0,0.0,0.0,NPC-NE,NPCC-NE,32.7,28.3,25.0,24.8,26.9,25.9,2.3,2.1,0.183,0.127,0.3080000000000001,0.1411290322580645,0.13011152416356894,0.011583011583011662,-0.11541698841698834,-0.052888475836431054,0.02,0.02,0.47,0.001,0.01,0.01,0.1,0.0,0.0,0.09,0.0,0.07,0.06,0.06,0.03,0.03,0.0,0.0,0.02,0.02,0.0,0.0,0.0,0.0,0.0,-0.01
ISONE,.Z.NEMASSBOST,False,0.0,0.0,0.0,NPC-NE,NPCC-NE,32.7,28.3,25.0,24.8,26.9,25.9,2.3,2.1,0.183,0.127,0.3080000000000001,0.1411290322580645,0.13011152416356894,0.011583011583011662,-0.11541698841698834,-0.052888475836431054,0.02,0.02,0.47,0.001,0.01,0.01,0.1,0.0,0.0,0.09,0.0,0.07,0.06,0.06,0.03,0.03,0.0,0.0,0.02,0.02,0.0,0.0,0.0,0.0,0.0,-0.01
ISONE,.Z.NEWHAMPSHIRE,False,0.0,0.0,0.0,NPC-NE,NPCC-NE,32.7,28.3,25.0,24.8,26.9,25.9,2.3,2.1,0.183,0.127,0.3080000000000001,0.1411290322580645,0.13011152416356894,0.011583011583011662,-0.11541698841698834,-0.052888475836431054,0.02,0.02,0.47,0.001,0.01,0.01,0.1,0.0,0.0,0.09,0.0,0.07,0.06,0.06,0.03,0.03,0.0,0.0,0.02,0.02,0.0,0.0,0.0,0.0,0.0,-0.01
ISONE,.Z.RHODEISLAND,False,0.0,0.0,0.0,NPC-NE,NPCC-NE,32.7,28.3,25.0,24.8,26.9,25.9,2.3,2.1,0.183,0.127,0.3080000000000001,0.1411290322580645,0.13011152416356894,0.011583011583011662,-0.11541698841698834,-0.052888475836431054,0.02,0.02,0.47,0.001,0.01,0.01,0.1,0.0,0.0,0.09,0.0,0.07,0.06,0.06,0.03,0.03,0.0,0.0,0.02,0.02,0.0,0.0,0.0,0.0,0.0,-0.01
ISONE,.Z.SEMASS,False,0.0,0.0,0.0,NPC-NE,NPCC-NE,32.7,28.3,25.0,24.8,26.9,25.9,2.3,2.1,0.183,0.127,0.3080000000000001,0.1411290322580645,0.13011152416356894,0.011583011583011662,-0.11541698841698834,-0.052888475836431054,0.02,0.02,0.47,0.001,0.01,0.01,0.1,0.0,0.0,0.09,0.0,0.07,0.06,0.06,0.03,0.03,0.0,0.0,0.02,0.02,0.0,0.0,0.0,0.0,0.0,-0.01
ISONE,.Z.VERMONT,False,0.0,0.0,0.0,NPC-NE,NPCC-NE,32.7,28.3,25.0,24.8,26.9,25.9,2.3,2.1,0.183,0.127,0.3080000000000001,0.1411290322580645,0.13011152416356894,0.011583011583011662,-0.11541698841698834,-0.052888475836431054,0.02,0.02,0.47,0.001,0.01,0.01,0.1,0.0,0.0,0.09,0.0,0.07,0.06,0.06,0.03,0.03,0.0,0.0,0.02,0.02,0.0,0.0,0.0,0.0,0.0,-0.01
ISONE,.Z.WCMASS,False,0.0,0.0,0.0,NPC-NE,NPCC-NE,32.7,28.3,25.0,24.8,26.9,25.9,2.3,2.1,0.183,0.127,0.3080000000000001,0.1411290322580645,0.13011152416356894,0.011583011583011662,-0.11541698841698834,-0.052888475836431054,0.02,0.02,0.47,0.001,0.01,0.01,0.1,0.0,0.0,0.09,0.0,0.07,0.06,0.06,0.03,0.03,0.0,0.0,0.02,0.02,0.0,0.0,0.0,0.0,0.0,-0.01
NYISO,Capital - F,False,0.0,0.0,0.0,NPC-NY,NPCC-NY | NPCC-NE,38.8,39.5,31.1,30.0,32.9,31.7,2.7,2.6,0.15,0.15,0.2475884244372989,0.31666666666666665,0.09726443768996956,0.16403785488958994,0.014037854889589946,-0.05273556231003043,0.01,0.01,0.26,0.001,0.005,0.005,0.065,0.0,0.0,0.049999999999999996,0.0,0.04,0.034999999999999996,0.034999999999999996,0.02,0.02,0.0,0.0,0.05,0.05,0.0,0.0,0.015,0.015,0.04,0.009999999999999998
NYISO,Central - C,False,0.0,0.0,0.0,NPC-NY,NPCC-NY | NPCC-NE,38.8,39.5,31.1,30.0,32.9,31.7,2.7,2.6,0.15,0.15,0.2475884244372989,0.31666666666666665,0.09726443768996956,0.16403785488958994,0.014037854889589946,-0.05273556231003043,0.01,0.01,0.26,0.001,0.005,0.005,0.065,0.0,0.0,0.049999999999999996,0.0,0.04,0.034999999999999996,0.034999999999999996,0.02,0.02,0.0,0.0,0.05,0.05,0.0,0.0,0.015,0.015,0.04,0.009999999999999998
NYISO,Dunwoodie - I,False,0.0,0.0,0.0,NPC-NY,NPCC-NY | NPCC-NE,38.8,39.5,31.1,30.0,32.9,31.7,2.7,2.6,0.15,0.15,0.2475884244372989,0.31666666666666665,0.09726443768996956,0.16403785488958994,0.014037854889589946,-0.05273556231003043,0.01,0.01,0.26,0.001,0.005,0.005,0.065,0.0,0.0,0.049999999999999996,0.0,0.04,0.034999999999999996,0.034999999999999996,0.02,0.02,0.0,0.0,0.05,0.05,0.0,0.0,0.015,0.015,0.04,0.009999999999999998
NYISO,Genesee - B,False,0.0,0.0,0.0,NPC-NY,NPCC-NY | NPCC-NE,38.8,39.5,31.1,30.0,32.9,31.7,2.7,2.6,0.15,0.15,0.2475884244372989,0.31666666666666665,0.09726443768996956,0.16403785488958994,0.014037854889589946,-0.05273556231003043,0.01,0.01,0.26,0.001,0.005,0.005,0.065,0.0,0.0,0.049999999999999996,0.0,0.04,0.034999999999999996,0.034999999999999996,0.02,0.02,0.0,0.0,0.05,0.05,0.0,0.0,0.015,0.015,0.04,0.009999999999999998
NYISO,Hudson Valley - G,False,0.0,0.0,0.0,NPC-NY,NPCC-NY | NPCC-NE,38.8,39.5,31.1,30.0,32.9,31.7,2.7,2.6,0.15,0.15,0.2475884244372989,0.31666666666666665,0.09726443768996956,0.16403785488958994,0.014037854889589946,-0.05273556231003043,0.01,0.01,0.26,0.001,0.005,0.005,0.065,0.0,0.0,0.049999999999999996,0.0,0.04,0.034999999999999996,0.034999999999999996,0.02,0.02,0.0,0.0,0.05,0.05,0.0,0.0,0.015,0.015,0.04,0.009999999999999998
NYISO,Long Island - K,False,0.0,0.0,0.0,NPC-NY,NPCC-NY | NPCC-NE,38.8,39.5,31.1,30.0,32.9,31.7,2.7,2.6,0.15,0.15,0.2475884244372989,0.31666666666666665,0.09726443768996956,0.16403785488958994,0.014037854889589946,-0.05273556231003043,0.01,0.01,0.26,0.001,0.005,0.005,0.065,0.0,0.0,0.049999999999999996,0.0,0.04,0.034999999999999996,0.034999999999999996,0.02,0.02,0.0,0.0,0.05,0.05,0.0,0.0,0.015,0.015,0.04,0.009999999999999998
NYISO,N.Y.C. - J,False,0.0,0.0,0.0,NPC-NY,NPCC-NY | NPCC-NE,38.8,39.5,31.1,30.0,32.9,31.7,2.7,2.6,0.15,0.15,0.2475884244372989,0.31666666666666665,0.09726443768996956,0.16403785488958994,0.014037854889589946,-0.05273556231003043,0.01,0.01,0.26,0.001,0.005,0.005,0.065,0.0,0.0,0.049999999999999996,0.0,0.04,0.034999999999999996,0.034999999999999996,0.02,0.02,0.0,0.0,0.05,0.05,0.0,0.0,0.015,0.015,0.04,0.009999999999999998
NYISO,North - D,False,0.0,0.0,0.0,NPC-NY,NPCC-NY | NPCC-NE,38.8,39.5,31.1,30.0,32.9,31.7,2.7,2.6,0.15,0.15,0.2475884244372989,0.31666666666666665,0.09726443768996956,0.16403785488958994,0.014037854889589946,-0.05273556231003043,0.01,0.01,0.26,0.001,0.005,0.005,0.065,0.0,0.0,0.049999999999999996,0.0,0.04,0.034999999999999996,0.034999999999999996,0.02,0.02,0.0,0.0,0.05,0.05,0.0,0.0,0.015,0.015,0.04,0.009999999999999998
NYISO,West - A,False,0.0,0.0,0.0,NPC-NY,NPCC-NY | NPCC-NE,38.8,39.5,31.1,30.0,32.9,31.7,2.7,2.6,0.15,0.15,0.2475884244372989,0.31666666666666665,0.09726443768996956,0.16403785488958994,0.014037854889589946,-0.05273556231003043,0.01,0.01,0.26,0.001,0.005,0.005,0.065,0.0,0.0,0.049999999999999996,0.0,0.04,0.034999999999999996,0.034999999999999996,0.02,0.02,0.0,0.0,0.05,0.05,0.0,0.0,0.015,0.015,0.04,0.009999999999999998
SPP,North,False,0.0,0.0,0.0,SPP,SPP,66.8,70.3,50.7,54.8,53.3,57.5,1.7,2.0,0.12,0.19,0.31755424063116355,0.28284671532846717,0.22138836772983117,0.1878260869565217,-0.002173913043478304,0.10138836772983117,0.0,0.0,0.0,0.0,0.0,0.0,0.0,0.0,0.0,0.0,0.0,0.0,0.02,0.02,0.01,0.01,0.0,0.0,0.0,0.0,0.0,0.0,0.0,0.0,0.0,0.0
SPP,South,False,0.0,0.0,0.0,SPP,SPP,66.8,70.3,50.7,54.8,53.3,57.5,1.7,2.0,0.12,0.19,0.31755424063116355,0.28284671532846717,0.22138836772983117,0.1878260869565217,-0.002173913043478304,0.10138836772983117,0.0,0.0,0.0,0.0,0.0,0.0,0.0,0.0,0.0,0.0,0.0,0.0,0.02,0.02,0.01,0.01,0.0,0.0,0.0,0.0,0.0,0.0,0.0,0.0,0.0,0.0
