state_abbr,vol_pre_5182,n_diff
AK,0.252189476,10
AL,0.213950333,10
AR,0.1188734238,10
AZ,0.157274998,10
CA,0.09848515442,10
CO,0.06444272934,10
CT,0.08114157136,10
DC,0.1289910877,9
DE,0.08041255595,10
FL,0.04721042259,10
GA,0.1591948867,10
HI,0.1256359087,10
IA,0.07513920547,10
ID,0.1519612995,10
IL,0.06216575893,10
IN,0.1579216265,10
KS,0.1149272589,10
KY,0.1261557507,10
LA,0.1013935679,10
MA,0.03539218678,5
MD,0.05856358001,10
ME,0.2902081826,10
MI,0.1528635462,10
MN,0.2065870982,10
MO,0.1111647065,10
MS,0.2509556807,10
MT,0.2382588063,10
NC,0.1029647451,10
ND,0.1242610592,10
NE,0.05904784314,10
NH,0.1892633735,10
NJ,0.1529638925,10
NM,0.1259187351,10
NV,0.1071020581,10
NY,0.07527549241,10
OH,0.0705543526,10
OK,0.08515292751,10
OR,0.05450816364,10
PA,0.03584670835,10
RI,0.1591875979,10
SC,0.07148181379,10
SD,0.1395674486,10
TN,0.1218123208,10
TX,0.0623200408,10
UT,0.08916995169,10
VA,0.06057156769,10
VT,0.2361255775,10
WA,0.1036084774,10
WI,0.03721159847,10
WV,0.07225183813,10
WY,0.238768045,10
