outcome,outcome_units,specification,leave_out_variant,share_baseline,estimator,coef,se,se_type,t_stat,p_value,ci_low,ci_high,ci_type,n_obs,n_clusters,n_states,n_years,fs_coef,fs_se,fs_F,fs_F_effective,fs_F_crit,first_stage_ok,r2_within,mde_80,notes
earn_23,usd_per_month_per_GW,level,contig,2019,FirstStage,1.23464,0.233738,cluster_state,5.28214,3.06443e-06,0.764674,1.7046,cluster_t,291,49,49,6,1.23464,0.233738,412.36,27.901,23.1,True,0.636005,0.654466,
earn_23,usd_per_month_per_GW,level,contig,2019,IV2SLS,5.99347,20.2373,cluster_state,0.29616,0.768385,-34.6963,46.6832,cluster_t,291,49,49,6,1.23464,0.233738,412.36,27.901,23.1,True,0.00246477,56.6643,
earn_23,usd_per_month_per_GW,level,contig,2019,OLS_FE,11.7962,12.9535,cluster_state,0.910658,0.367026,-14.2485,37.8409,cluster_t,291,49,49,6,1.23464,0.233738,412.36,27.901,23.1,True,0.00325158,36.2697,
earn_23,usd_per_month_per_GW,level,contig,2019,ReducedForm,7.39975,25.254,cluster_state,0.293012,0.770776,-43.3769,58.1764,cluster_t,291,49,49,6,1.23464,0.233738,412.36,27.901,23.1,True,0.000533862,70.7113,
earn_23,usd_per_month_per_GW,level,contig,2019,Wald,5.99347,20.2373,cluster_state,0.29616,0.768385,-34.6963,46.6832,cluster_t,291,49,49,6,1.23464,0.233738,412.36,27.901,23.1,True,0.00246477,56.6643,se_is_2SLS_clustered_not_delta
earn_23,usd_per_month_per_GW,level,division,2019,FirstStage,1.2402,0.242347,cluster_state,5.11747,5.3972e-06,0.752932,1.72748,cluster_t,291,49,49,6,1.2402,0.242347,412.447,26.1885,23.1,True,0.636053,0.678572,
earn_23,usd_per_month_per_GW,level,division,2019,IV2SLS,5.72574,20.4598,cluster_state,0.279853,0.780793,-35.4115,46.863,cluster_t,291,49,49,6,1.2402,0.242347,412.447,26.1885,23.1,True,0.00239048,57.2875,
earn_23,usd_per_month_per_GW,level,division,2019,OLS_FE,11.7962,12.9535,cluster_state,0.910658,0.367026,-14.2485,37.8409,cluster_t,291,49,49,6,1.2402,0.242347,412.447,26.1885,23.1,True,0.00325158,36.2697,
earn_23,usd_per_month_per_GW,level,division,2019,ReducedForm,7.10108,25.7128,cluster_state,0.276169,0.783604,-44.598,58.8002,cluster_t,291,49,49,6,1.2402,0.242347,412.447,26.1885,23.1,True,0.000487269,71.9959,
earn_23,usd_per_month_per_GW,level,division,2019,Wald,5.72574,20.4598,cluster_state,0.279853,0.780793,-35.4115,46.863,cluster_t,291,49,49,6,1.2402,0.242347,412.447,26.1885,23.1,True,0.00239048,57.2875,se_is_2SLS_clustered_not_delta
earn_23,usd_per_month_per_GW,level,state,2019,FirstStage,1.10653,0.266322,cluster_state,4.15487,0.000133068,0.571055,1.64201,cluster_t,291,49,49,6,1.10653,0.266322,332.376,17.2629,23.1,False,0.584782,0.745701,weak_iv
earn_23,usd_per_month_per_GW,level,state,2019,IV2SLS,6.24697,22.0825,cluster_state,0.282892,0.778476,-50,50,AR,291,49,49,6,1.10653,0.266322,332.376,17.2629,23.1,False,0.00253201,61.831,weak_iv;AR_is_reported_inference
earn_23,usd_per_month_per_GW,level,state,2019,OLS_FE,11.7962,12.9535,cluster_state,0.910658,0.367026,-14.2485,37.8409,cluster_t,291,49,49,6,1.10653,0.266322,332.376,17.2629,23.1,False,0.00325158,36.2697,weak_iv
earn_23,usd_per_month_per_GW,level,state,2019,ReducedForm,6.91247,24.8261,cluster_state,0.278436,0.781874,-43.0037,56.8286,cluster_t,291,49,49,6,1.10653,0.266322,332.376,17.2629,23.1,False,0.000533268,69.513,weak_iv
earn_23,usd_per_month_per_GW,level,state,2019,Wald,6.24697,22.0825,cluster_state,0.282892,0.778476,-38.1529,50.6468,cluster_t,291,49,49,6,1.10653,0.266322,332.376,17.2629,23.1,False,0.00253201,61.831,weak_iv;se_is_2SLS_clustered_not_delta
earn_23,usd_per_month_per_GW,level,union,2019,FirstStage,1.29064,0.236263,cluster_state,5.4627,1.6406e-06,0.815596,1.76568,cluster_t,291,49,49,6,1.29064,0.236263,431.042,29.8411,23.1,True,0.646199,0.661537,
earn_23,usd_per_month_per_GW,level,union,2019,IV2SLS,5.95723,20.0026,cluster_state,0.297822,0.767124,-34.2608,46.1752,cluster_t,291,49,49,6,1.29064,0.236263,431.042,29.8411,23.1,True,0.00245491,56.0074,
earn_23,usd_per_month_per_GW,level,union,2019,OLS_FE,11.7962,12.9535,cluster_state,0.910658,0.367026,-14.2485,37.8409,cluster_t,291,49,49,6,1.29064,0.236263,431.042,29.8411,23.1,True,0.00325158,36.2697,
earn_23,usd_per_month_per_GW,level,union,2019,ReducedForm,7.68861,26.1001,cluster_state,0.294582,0.769583,-44.7891,60.1663,cluster_t,291,49,49,6,1.29064,0.236263,431.042,29.8411,23.1,True,0.00053588,73.0802,
earn_23,usd_per_month_per_GW,level,union,2019,Wald,5.95723,20.0026,cluster_state,0.297822,0.767124,-34.2608,46.1752,cluster_t,291,49,49,6,1.29064,0.236263,431.042,29.8411,23.1,True,0.00245491,56.0074,se_is_2SLS_clustered_not_delta
earn_2362,usd_per_month_per_GW,level,contig,2019,FirstStage,1.23464,0.233738,cluster_state,5.28214,3.06443e-06,0.764674,1.7046,cluster_t,291,49,49,6,1.23464,0.233738,412.36,27.901,23.1,True,0.636005,0.654466,
earn_2362,usd_per_month_per_GW,level,contig,2019,IV2SLS,-14.4619,79.7449,cluster_state,-0.181352,0.856855,-174.8,145.876,cluster_t,291,49,49,6,1.23464,0.233738,412.36,27.901,23.1,True,0.00318313,223.286,
earn_2362,usd_per_month_per_GW,level,contig,2019,OLS_FE,-34.4244,60.0831,cluster_state,-0.572947,0.569355,-155.23,86.3807,cluster_t,291,49,49,6,1.23464,0.233738,412.36,27.901,23.1,True,0.00479587,168.233,
earn_2362,usd_per_month_per_GW,level,contig,2019,ReducedForm,-17.8552,99.8229,cluster_state,-0.178869,0.858794,-218.563,182.852,cluster_t,291,49,49,6,1.23464,0.233738,412.36,27.901,23.1,True,0.000538327,279.504,
earn_2362,usd_per_month_per_GW,level,contig,2019,Wald,-14.4619,79.7449,cluster_state,-0.181352,0.856855,-174.8,145.876,cluster_t,291,49,49,6,1.23464,0.233738,412.36,27.901,23.1,True,0.00318313,223.286,se_is_2SLS_clustered_not_delta
earn_2362,usd_per_month_per_GW,level,division,2019,FirstStage,1.2402,0.242347,cluster_state,5.11747,5.3972e-06,0.752932,1.72748,cluster_t,291,49,49,6,1.2402,0.242347,412.447,26.1885,23.1,True,0.636053,0.678572,
earn_2362,usd_per_month_per_GW,level,division,2019,IV2SLS,-15.2993,80.0249,cluster_state,-0.191182,0.849189,-176.2,145.601,cluster_t,291,49,49,6,1.2402,0.242347,412.447,26.1885,23.1,True,0.0033156,224.07,
earn_2362,usd_per_month_per_GW,level,division,2019,OLS_FE,-34.4244,60.0831,cluster_state,-0.572947,0.569355,-155.23,86.3807,cluster_t,291,49,49,6,1.2402,0.242347,412.447,26.1885,23.1,True,0.00479587,168.233,
earn_2362,usd_per_month_per_GW,level,division,2019,ReducedForm,-18.9743,100.561,cluster_state,-0.188683,0.851136,-221.166,183.218,cluster_t,291,49,49,6,1.2402,0.242347,412.447,26.1885,23.1,True,0.00060252,281.572,
earn_2362,usd_per_month_per_GW,level,division,2019,Wald,-15.2993,80.0249,cluster_state,-0.191182,0.849189,-176.2,145.601,cluster_t,291,49,49,6,1.2402,0.242347,412.447,26.1885,23.1,True,0.0033156,224.07,se_is_2SLS_clustered_not_delta
earn_2362,usd_per_month_per_GW,level,state,2019,FirstStage,1.10653,0.266322,cluster_state,4.15487,0.000133068,0.571055,1.64201,cluster_t,291,49,49,6,1.10653,0.266322,332.376,17.2629,23.1,False,0.584782,0.745701,weak_iv
earn_2362,usd_per_month_per_GW,level,state,2019,IV2SLS,-9.66236,81.8935,cluster_state,-0.117987,0.90657,-150,200,AR,291,49,49,6,1.10653,0.266322,332.376,17.2629,23.1,False,0.00231441,229.302,weak_iv;AR_is_reported_inference
earn_2362,usd_per_month_per_GW,level,state,2019,OLS_FE,-34.4244,60.0831,cluster_state,-0.572947,0.569355,-155.23,86.3807,cluster_t,291,49,49,6,1.10653,0.266322,332.376,17.2629,23.1,False,0.00479587,168.233,weak_iv
earn_2362,usd_per_month_per_GW,level,state,2019,ReducedForm,-10.6917,91.506,cluster_state,-0.116842,0.907473,-194.677,173.293,cluster_t,291,49,49,6,1.10653,0.266322,332.376,17.2629,23.1,False,0.00022095,256.217,weak_iv
earn_2362,usd_per_month_per_GW,level,state,2019,Wald,-9.66236,81.8935,cluster_state,-0.117987,0.90657,-174.32,154.996,cluster_t,291,49,49,6,1.10653,0.266322,332.376,17.2629,23.1,False,0.00231441,229.302,weak_iv;se_is_2SLS_clustered_not_delta
earn_2362,usd_per_month_per_GW,level,union,2019,FirstStage,1.29064,0.236263,cluster_state,5.4627,1.6406e-06,0.815596,1.76568,cluster_t,291,49,49,6,1.29064,0.236263,431.042,29.8411,23.1,True,0.646199,0.661537,
earn_2362,usd_per_month_per_GW,level,union,2019,IV2SLS,-18.9489,79.2298,cluster_state,-0.239164,0.811997,-178.251,140.353,cluster_t,291,49,49,6,1.29064,0.236263,431.042,29.8411,23.1,True,0.00382665,221.844,
earn_2362,usd_per_month_per_GW,level,union,2019,OLS_FE,-34.4244,60.0831,cluster_state,-0.572947,0.569355,-155.23,86.3807,cluster_t,291,49,49,6,1.29064,0.236263,431.042,29.8411,23.1,True,0.00479587,168.233,
earn_2362,usd_per_month_per_GW,level,union,2019,ReducedForm,-24.4562,103.887,cluster_state,-0.235412,0.814891,-233.335,184.422,cluster_t,291,49,49,6,1.29064,0.236263,431.042,29.8411,23.1,True,0.000939011,290.883,
earn_2362,usd_per_month_per_GW,level,union,2019,Wald,-18.9489,79.2298,cluster_state,-0.239164,0.811997,-178.251,140.353,cluster_t,291,49,49,6,1.29064,0.236263,431.042,29.8411,23.1,True,0.00382665,221.844,se_is_2SLS_clustered_not_delta
earn_51,usd_per_month_per_GW,level,contig,2019,FirstStage,1.23464,0.233738,cluster_state,5.28214,3.06443e-06,0.764674,1.7046,cluster_t,291,49,49,6,1.23464,0.233738,412.36,27.901,23.1,True,0.636005,0.654466,
earn_51,usd_per_month_per_GW,level,contig,2019,IV2SLS,420.644,292.148,cluster_state,1.43983,0.156406,-166.759,1008.05,cluster_t,291,49,49,6,1.23464,0.233738,412.36,27.901,23.1,True,-0.0520587,818.014,
earn_51,usd_per_month_per_GW,level,contig,2019,OLS_FE,97.7282,78.8257,cluster_state,1.2398,0.221076,-60.7614,256.218,cluster_t,291,49,49,6,1.23464,0.233738,412.36,27.901,23.1,True,0.00524899,220.712,
earn_51,usd_per_month_per_GW,level,contig,2019,ReducedForm,519.341,287.111,cluster_state,1.80885,0.0767395,-57.9338,1096.62,cluster_t,291,49,49,6,1.23464,0.233738,412.36,27.901,23.1,True,0.0618479,803.91,
earn_51,usd_per_month_per_GW,level,contig,2019,Wald,420.644,292.148,cluster_state,1.43983,0.156406,-166.759,1008.05,cluster_t,291,49,49,6,1.23464,0.233738,412.36,27.901,23.1,True,-0.0520587,818.014,se_is_2SLS_clustered_not_delta
earn_51,usd_per_month_per_GW,level,division,2019,FirstStage,1.2402,0.242347,cluster_state,5.11747,5.3972e-06,0.752932,1.72748,cluster_t,291,49,49,6,1.2402,0.242347,412.447,26.1885,23.1,True,0.636053,0.678572,
earn_51,usd_per_month_per_GW,level,division,2019,IV2SLS,428.742,298.863,cluster_state,1.43458,0.157891,-172.161,1029.65,cluster_t,291,49,49,6,1.2402,0.242347,412.447,26.1885,23.1,True,-0.0549693,836.815,
earn_51,usd_per_month_per_GW,level,division,2019,OLS_FE,97.7282,78.8257,cluster_state,1.2398,0.221076,-60.7614,256.218,cluster_t,291,49,49,6,1.2402,0.242347,412.447,26.1885,23.1,True,0.00524899,220.712,
earn_51,usd_per_month_per_GW,level,division,2019,ReducedForm,531.728,287.998,cluster_state,1.84629,0.0710214,-47.3315,1110.79,cluster_t,291,49,49,6,1.2402,0.242347,412.447,26.1885,23.1,True,0.0642572,806.395,
earn_51,usd_per_month_per_GW,level,division,2019,Wald,428.742,298.863,cluster_state,1.43458,0.157891,-172.161,1029.65,cluster_t,291,49,49,6,1.2402,0.242347,412.447,26.1885,23.1,True,-0.0549693,836.815,se_is_2SLS_clustered_not_delta
earn_51,usd_per_month_per_GW,level,state,2019,FirstStage,1.10653,0.266322,cluster_state,4.15487,0.000133068,0.571055,1.64201,cluster_t,291,49,49,6,1.10653,0.266322,332.376,17.2629,23.1,False,0.584782,0.745701,weak_iv
earn_51,usd_per_month_per_GW,level,state,2019,IV2SLS,476.977,337.427,cluster_state,1.41357,0.163941,0,1675,AR,291,49,49,6,1.10653,0.266322,332.376,17.2629,23.1,False,-0.0737977,944.795,weak_iv;AR_is_reported_inference
earn_51,usd_per_month_per_GW,level,state,2019,OLS_FE,97.7282,78.8257,cluster_state,1.2398,0.221076,-60.7614,256.218,cluster_t,291,49,49,6,1.10653,0.266322,332.376,17.2629,23.1,False,0.00524899,220.712,weak_iv
earn_51,usd_per_month_per_GW,level,state,2019,ReducedForm,527.789,275.102,cluster_state,1.91852,0.0610027,-25.34,1080.92,cluster_t,291,49,49,6,1.10653,0.266322,332.376,17.2629,23.1,False,0.073118,770.285,weak_iv
earn_51,usd_per_month_per_GW,level,state,2019,Wald,476.977,337.427,cluster_state,1.41357,0.163941,-201.466,1155.42,cluster_t,291,49,49,6,1.10653,0.266322,332.376,17.2629,23.1,False,-0.0737977,944.795,weak_iv;se_is_2SLS_clustered_not_delta
earn_51,usd_per_month_per_GW,level,union,2019,FirstStage,1.29064,0.236263,cluster_state,5.4627,1.6406e-06,0.815596,1.76568,cluster_t,291,49,49,6,1.29064,0.236263,431.042,29.8411,23.1,True,0.646199,0.661537,
earn_51,usd_per_month_per_GW,level,union,2019,IV2SLS,424.09,294.364,cluster_state,1.4407,0.156161,-167.768,1015.95,cluster_t,291,49,49,6,1.29064,0.236263,431.042,29.8411,23.1,True,-0.0532886,824.219,
earn_51,usd_per_month_per_GW,level,union,2019,OLS_FE,97.7282,78.8257,cluster_state,1.2398,0.221076,-60.7614,256.218,cluster_t,291,49,49,6,1.29064,0.236263,431.042,29.8411,23.1,True,0.00524899,220.712,
earn_51,usd_per_month_per_GW,level,union,2019,ReducedForm,547.346,301.266,cluster_state,1.81682,0.0754912,-58.39,1153.08,cluster_t,291,49,49,6,1.29064,0.236263,431.042,29.8411,23.1,True,0.0638732,843.545,
earn_51,usd_per_month_per_GW,level,union,2019,Wald,424.09,294.364,cluster_state,1.4407,0.156161,-167.768,1015.95,cluster_t,291,49,49,6,1.29064,0.236263,431.042,29.8411,23.1,True,-0.0532886,824.219,se_is_2SLS_clustered_not_delta
earn_517,usd_per_month_per_GW,level,contig,2019,FirstStage,1.23464,0.233738,cluster_state,5.28214,3.06443e-06,0.764674,1.7046,cluster_t,291,49,49,6,1.23464,0.233738,412.36,27.901,23.1,True,0.636005,0.654466,
earn_517,usd_per_month_per_GW,level,contig,2019,IV2SLS,328.313,174.242,cluster_state,1.88424,0.0655967,-22.0236,678.65,cluster_t,291,49,49,6,1.23464,0.233738,412.36,27.901,23.1,True,-0.0210404,487.877,
earn_517,usd_per_month_per_GW,level,contig,2019,OLS_FE,118.715,63.1546,cluster_state,1.87975,0.0662195,-8.26608,245.696,cluster_t,291,49,49,6,1.23464,0.233738,412.36,27.901,23.1,True,0.00993777,176.833,
earn_517,usd_per_month_per_GW,level,contig,2019,ReducedForm,405.347,165.951,cluster_state,2.44257,0.0183147,71.6803,739.014,cluster_t,291,49,49,6,1.23464,0.233738,412.36,27.901,23.1,True,0.0483411,464.663,
earn_517,usd_per_month_per_GW,level,contig,2019,Wald,328.313,174.242,cluster_state,1.88424,0.0655967,-22.0236,678.65,cluster_t,291,49,49,6,1.23464,0.233738,412.36,27.901,23.1,True,-0.0210404,487.877,se_is_2SLS_clustered_not_delta
earn_517,usd_per_month_per_GW,level,division,2019,FirstStage,1.2402,0.242347,cluster_state,5.11747,5.3972e-06,0.752932,1.72748,cluster_t,291,49,49,6,1.2402,0.242347,412.447,26.1885,23.1,True,0.636053,0.678572,
earn_517,usd_per_month_per_GW,level,division,2019,IV2SLS,325.456,179.937,cluster_state,1.80872,0.0767601,-36.3315,687.244,cluster_t,291,49,49,6,1.2402,0.242347,412.447,26.1885,23.1,True,-0.0202017,503.824,
earn_517,usd_per_month_per_GW,level,division,2019,OLS_FE,118.715,63.1546,cluster_state,1.87975,0.0662195,-8.26608,245.696,cluster_t,291,49,49,6,1.2402,0.242347,412.447,26.1885,23.1,True,0.00993777,176.833,
earn_517,usd_per_month_per_GW,level,division,2019,ReducedForm,403.632,169.906,cluster_state,2.37562,0.0215602,62.0132,745.252,cluster_t,291,49,49,6,1.2402,0.242347,412.447,26.1885,23.1,True,0.0475071,475.737,
earn_517,usd_per_month_per_GW,level,division,2019,Wald,325.456,179.937,cluster_state,1.80872,0.0767601,-36.3315,687.244,cluster_t,291,49,49,6,1.2402,0.242347,412.447,26.1885,23.1,True,-0.0202017,503.824,se_is_2SLS_clustered_not_delta
earn_517,usd_per_month_per_GW,level,state,2019,FirstStage,1.10653,0.266322,cluster_state,4.15487,0.000133068,0.571055,1.64201,cluster_t,291,49,49,6,1.10653,0.266322,332.376,17.2629,23.1,False,0.584782,0.745701,weak_iv
earn_517,usd_per_month_per_GW,level,state,2019,IV2SLS,344.847,203.292,cluster_state,1.69631,0.096304,50,1025,AR,291,49,49,6,1.10653,0.266322,332.376,17.2629,23.1,False,-0.0261204,569.218,weak_iv;AR_is_reported_inference
earn_517,usd_per_month_per_GW,level,state,2019,OLS_FE,118.715,63.1546,cluster_state,1.87975,0.0662195,-8.26608,245.696,cluster_t,291,49,49,6,1.10653,0.266322,332.376,17.2629,23.1,False,0.00993777,176.833,weak_iv
earn_517,usd_per_month_per_GW,level,state,2019,ReducedForm,381.583,168.847,cluster_state,2.25994,0.0284003,42.0944,721.072,cluster_t,291,49,49,6,1.10653,0.266322,332.376,17.2629,23.1,False,0.0490372,472.771,weak_iv
earn_517,usd_per_month_per_GW,level,state,2019,Wald,344.847,203.292,cluster_state,1.69631,0.096304,-63.8994,753.593,cluster_t,291,49,49,6,1.10653,0.266322,332.376,17.2629,23.1,False,-0.0261204,569.218,weak_iv;se_is_2SLS_clustered_not_delta
earn_517,usd_per_month_per_GW,level,union,2019,FirstStage,1.29064,0.236263,cluster_state,5.4627,1.6406e-06,0.815596,1.76568,cluster_t,291,49,49,6,1.29064,0.236263,431.042,29.8411,23.1,True,0.646199,0.661537,
earn_517,usd_per_month_per_GW,level,union,2019,IV2SLS,322.37,174.802,cluster_state,1.8442,0.0713304,-29.093,673.834,cluster_t,291,49,49,6,1.29064,0.236263,431.042,29.8411,23.1,True,-0.0193086,489.446,
earn_517,usd_per_month_per_GW,level,union,2019,OLS_FE,118.715,63.1546,cluster_state,1.87975,0.0662195,-8.26608,245.696,cluster_t,291,49,49,6,1.29064,0.236263,431.042,29.8411,23.1,True,0.00993777,176.833,
earn_517,usd_per_month_per_GW,level,union,2019,ReducedForm,416.063,176.405,cluster_state,2.35857,0.0224655,61.3767,770.749,cluster_t,291,49,49,6,1.29064,0.236263,431.042,29.8411,23.1,True,0.047354,493.934,
earn_517,usd_per_month_per_GW,level,union,2019,Wald,322.37,174.802,cluster_state,1.8442,0.0713304,-29.093,673.834,cluster_t,291,49,49,6,1.29064,0.236263,431.042,29.8411,23.1,True,-0.0193086,489.446,se_is_2SLS_clustered_not_delta
earn_5182,usd_per_month_per_GW,level,contig,2019,FirstStage,1.23464,0.233738,cluster_state,5.28214,3.06443e-06,0.764674,1.7046,cluster_t,291,49,49,6,1.23464,0.233738,412.36,27.901,23.1,True,0.636005,0.654466,
earn_5182,usd_per_month_per_GW,level,contig,2019,IV2SLS,449.857,433.529,cluster_state,1.03766,0.304626,-421.812,1321.53,cluster_t,291,49,49,6,1.23464,0.233738,412.36,27.901,23.1,True,-0.0271818,1213.88,
earn_5182,usd_per_month_per_GW,level,contig,2019,OLS_FE,91.22,153.497,cluster_state,0.594279,0.555116,-217.406,399.846,cluster_t,291,49,49,6,1.23464,0.233738,412.36,27.901,23.1,True,0.00188016,429.791,
earn_5182,usd_per_month_per_GW,level,contig,2019,ReducedForm,555.41,464.402,cluster_state,1.19597,0.237584,-378.334,1489.15,cluster_t,291,49,49,6,1.23464,0.233738,412.36,27.901,23.1,True,0.029082,1300.33,
earn_5182,usd_per_month_per_GW,level,contig,2019,Wald,449.857,433.529,cluster_state,1.03766,0.304626,-421.812,1321.53,cluster_t,291,49,49,6,1.23464,0.233738,412.36,27.901,23.1,True,-0.0271818,1213.88,se_is_2SLS_clustered_not_delta
earn_5182,usd_per_month_per_GW,level,division,2019,FirstStage,1.2402,0.242347,cluster_state,5.11747,5.3972e-06,0.752932,1.72748,cluster_t,291,49,49,6,1.2402,0.242347,412.447,26.1885,23.1,True,0.636053,0.678572,
earn_5182,usd_per_month_per_GW,level,division,2019,IV2SLS,476.766,454.382,cluster_state,1.04926,0.299312,-436.831,1390.36,cluster_t,291,49,49,6,1.2402,0.242347,412.447,26.1885,23.1,True,-0.0317065,1272.27,
earn_5182,usd_per_month_per_GW,level,division,2019,OLS_FE,91.22,153.497,cluster_state,0.594279,0.555116,-217.406,399.846,cluster_t,291,49,49,6,1.2402,0.242347,412.447,26.1885,23.1,True,0.00188016,429.791,
earn_5182,usd_per_month_per_GW,level,division,2019,ReducedForm,591.287,477.346,cluster_state,1.2387,0.221482,-368.482,1551.06,cluster_t,291,49,49,6,1.2402,0.242347,412.447,26.1885,23.1,True,0.0326677,1336.57,
earn_5182,usd_per_month_per_GW,level,division,2019,Wald,476.766,454.382,cluster_state,1.04926,0.299312,-436.831,1390.36,cluster_t,291,49,49,6,1.2402,0.242347,412.447,26.1885,23.1,True,-0.0317065,1272.27,se_is_2SLS_clustered_not_delta
earn_5182,usd_per_month_per_GW,level,state,2019,FirstStage,1.10653,0.266322,cluster_state,4.15487,0.000133068,0.571055,1.64201,cluster_t,291,49,49,6,1.10653,0.266322,332.376,17.2629,23.1,False,0.584782,0.745701,weak_iv
earn_5182,usd_per_month_per_GW,level,state,2019,IV2SLS,537.329,512.212,cluster_state,1.04904,0.299414,-225,2325,AR,291,49,49,6,1.10653,0.266322,332.376,17.2629,23.1,False,-0.0430872,1434.19,weak_iv;AR_is_reported_inference
earn_5182,usd_per_month_per_GW,level,state,2019,OLS_FE,91.22,153.497,cluster_state,0.594279,0.555116,-217.406,399.846,cluster_t,291,49,49,6,1.10653,0.266322,332.376,17.2629,23.1,False,0.00188016,429.791,weak_iv
earn_5182,usd_per_month_per_GW,level,state,2019,ReducedForm,594.571,461.024,cluster_state,1.28967,0.203343,-332.38,1521.52,cluster_t,291,49,49,6,1.10653,0.266322,332.376,17.2629,23.1,False,0.0381496,1290.87,weak_iv
earn_5182,usd_per_month_per_GW,level,state,2019,Wald,537.329,512.212,cluster_state,1.04904,0.299414,-492.541,1567.2,cluster_t,291,49,49,6,1.10653,0.266322,332.376,17.2629,23.1,False,-0.0430872,1434.19,weak_iv;se_is_2SLS_clustered_not_delta
earn_5182,usd_per_month_per_GW,level,union,2019,FirstStage,1.29064,0.236263,cluster_state,5.4627,1.6406e-06,0.815596,1.76568,cluster_t,291,49,49,6,1.29064,0.236263,431.042,29.8411,23.1,True,0.646199,0.661537,
earn_5182,usd_per_month_per_GW,level,union,2019,IV2SLS,460.596,434.872,cluster_state,1.05915,0.294831,-413.773,1334.97,cluster_t,291,49,49,6,1.29064,0.236263,431.042,29.8411,23.1,True,-0.0289484,1217.64,
earn_5182,usd_per_month_per_GW,level,union,2019,OLS_FE,91.22,153.497,cluster_state,0.594279,0.555116,-217.406,399.846,cluster_t,291,49,49,6,1.29064,0.236263,431.042,29.8411,23.1,True,0.00188016,429.791,
earn_5182,usd_per_month_per_GW,level,union,2019,ReducedForm,594.462,482.362,cluster_state,1.2324,0.223803,-375.392,1564.32,cluster_t,291,49,49,6,1.29064,0.236263,431.042,29.8411,23.1,True,0.0309758,1350.61,
earn_5182,usd_per_month_per_GW,level,union,2019,Wald,460.596,434.872,cluster_state,1.05915,0.294831,-413.773,1334.97,cluster_t,291,49,49,6,1.29064,0.236263,431.042,29.8411,23.1,True,-0.0289484,1217.64,se_is_2SLS_clustered_not_delta
earn_5415,usd_per_month_per_GW,level,contig,2019,FirstStage,1.23464,0.233738,cluster_state,5.28214,3.06443e-06,0.764674,1.7046,cluster_t,291,49,49,6,1.23464,0.233738,412.36,27.901,23.1,True,0.636005,0.654466,
earn_5415,usd_per_month_per_GW,level,contig,2019,IV2SLS,115.493,159.933,cluster_state,0.722134,0.473716,-206.074,437.06,cluster_t,291,49,49,6,1.23464,0.233738,412.36,27.901,23.1,True,-0.00869606,447.812,
earn_5415,usd_per_month_per_GW,level,contig,2019,OLS_FE,9.21415,61.2107,cluster_state,0.150532,0.880976,-113.858,132.287,cluster_t,291,49,49,6,1.23464,0.233738,412.36,27.901,23.1,True,6.58591e-05,171.39,
earn_5415,usd_per_month_per_GW,level,contig,2019,ReducedForm,142.592,187.22,cluster_state,0.761626,0.450009,-233.84,519.023,cluster_t,291,49,49,6,1.23464,0.233738,412.36,27.901,23.1,True,0.00658078,524.217,
earn_5415,usd_per_month_per_GW,level,contig,2019,Wald,115.493,159.933,cluster_state,0.722134,0.473716,-206.074,437.06,cluster_t,291,49,49,6,1.23464,0.233738,412.36,27.901,23.1,True,-0.00869606,447.812,se_is_2SLS_clustered_not_delta
earn_5415,usd_per_month_per_GW,level,division,2019,FirstStage,1.2402,0.242347,cluster_state,5.11747,5.3972e-06,0.752932,1.72748,cluster_t,291,49,49,6,1.2402,0.242347,412.447,26.1885,23.1,True,0.636053,0.678572,
earn_5415,usd_per_month_per_GW,level,division,2019,IV2SLS,123.022,163.233,cluster_state,0.753663,0.454733,-205.179,451.224,cluster_t,291,49,49,6,1.2402,0.242347,412.447,26.1885,23.1,True,-0.00998152,457.051,
earn_5415,usd_per_month_per_GW,level,division,2019,OLS_FE,9.21415,61.2107,cluster_state,0.150532,0.880976,-113.858,132.287,cluster_t,291,49,49,6,1.2402,0.242347,412.447,26.1885,23.1,True,6.58591e-05,171.39,
earn_5415,usd_per_month_per_GW,level,division,2019,ReducedForm,152.573,188.846,cluster_state,0.807923,0.423121,-227.127,532.273,cluster_t,291,49,49,6,1.2402,0.242347,412.447,26.1885,23.1,True,0.00746736,528.769,
earn_5415,usd_per_month_per_GW,level,division,2019,Wald,123.022,163.233,cluster_state,0.753663,0.454733,-205.179,451.224,cluster_t,291,49,49,6,1.2402,0.242347,412.447,26.1885,23.1,True,-0.00998152,457.051,se_is_2SLS_clustered_not_delta
earn_5415,usd_per_month_per_GW,level,state,2019,FirstStage,1.10653,0.266322,cluster_state,4.15487,0.000133068,0.571055,1.64201,cluster_t,291,49,49,6,1.10653,0.266322,332.376,17.2629,23.1,False,0.584782,0.745701,weak_iv
earn_5415,usd_per_month_per_GW,level,state,2019,IV2SLS,139.217,186.167,cluster_state,0.74781,0.458223,-175,700,AR,291,49,49,6,1.10653,0.266322,332.376,17.2629,23.1,False,-0.0130444,521.267,weak_iv;AR_is_reported_inference
earn_5415,usd_per_month_per_GW,level,state,2019,OLS_FE,9.21415,61.2107,cluster_state,0.150532,0.880976,-113.858,132.287,cluster_t,291,49,49,6,1.10653,0.266322,332.376,17.2629,23.1,False,6.58591e-05,171.39,weak_iv
earn_5415,usd_per_month_per_GW,level,state,2019,ReducedForm,154.048,189.387,cluster_state,0.813404,0.420003,-226.74,534.836,cluster_t,291,49,49,6,1.10653,0.266322,332.376,17.2629,23.1,False,0.00879195,530.284,weak_iv
earn_5415,usd_per_month_per_GW,level,state,2019,Wald,139.217,186.167,cluster_state,0.74781,0.458223,-235.096,513.531,cluster_t,291,49,49,6,1.10653,0.266322,332.376,17.2629,23.1,False,-0.0130444,521.267,weak_iv;se_is_2SLS_clustered_not_delta
earn_5415,usd_per_month_per_GW,level,union,2019,FirstStage,1.29064,0.236263,cluster_state,5.4627,1.6406e-06,0.815596,1.76568,cluster_t,291,49,49,6,1.29064,0.236263,431.042,29.8411,23.1,True,0.646199,0.661537,
earn_5415,usd_per_month_per_GW,level,union,2019,IV2SLS,122.709,159.646,cluster_state,0.768633,0.445877,-198.28,443.698,cluster_t,291,49,49,6,1.29064,0.236263,431.042,29.8411,23.1,True,-0.00992624,447.008,
earn_5415,usd_per_month_per_GW,level,union,2019,OLS_FE,9.21415,61.2107,cluster_state,0.150532,0.880976,-113.858,132.287,cluster_t,291,49,49,6,1.29064,0.236263,431.042,29.8411,23.1,True,6.58591e-05,171.39,
earn_5415,usd_per_month_per_GW,level,union,2019,ReducedForm,158.373,193.385,cluster_state,0.81895,0.416862,-230.454,547.199,cluster_t,291,49,49,6,1.29064,0.236263,431.042,29.8411,23.1,True,0.00754786,541.477,
earn_5415,usd_per_month_per_GW,level,union,2019,Wald,122.709,159.646,cluster_state,0.768633,0.445877,-198.28,443.698,cluster_t,291,49,49,6,1.29064,0.236263,431.042,29.8411,23.1,True,-0.00992624,447.008,se_is_2SLS_clustered_not_delta
emp_23,jobs_per_GW,level,contig,2019,FirstStage,1.23464,0.233738,cluster_state,5.28214,3.06443e-06,0.764674,1.7046,cluster_t,291,49,49,6,1.23464,0.233738,412.36,27.901,23.1,True,0.636005,0.654466,AR_widened_x4
emp_23,jobs_per_GW,level,contig,2019,IV2SLS,11640.6,5145.8,cluster_state,2.26216,0.0282526,1294.3,21986.9,cluster_t,291,49,49,6,1.23464,0.233738,412.36,27.901,23.1,True,0.114787,14408.2,AR_widened_x4
emp_23,jobs_per_GW,level,contig,2019,OLS_FE,7847.48,4675,cluster_state,1.67861,0.0997287,-1552.24,17247.2,cluster_t,291,49,49,6,1.23464,0.233738,412.36,27.901,23.1,True,0.149782,13090,AR_widened_x4
emp_23,jobs_per_GW,level,contig,2019,ReducedForm,14371.9,6893.59,cluster_state,2.08482,0.0424285,511.431,28232.4,cluster_t,291,49,49,6,1.23464,0.233738,412.36,27.901,23.1,True,0.20961,19302.1,AR_widened_x4
emp_23,jobs_per_GW,level,contig,2019,Wald,11640.6,5145.8,cluster_state,2.26216,0.0282526,1294.3,21986.9,cluster_t,291,49,49,6,1.23464,0.233738,412.36,27.901,23.1,True,0.114787,14408.2,AR_widened_x4;se_is_2SLS_clustered_not_delta
emp_23,jobs_per_GW,level,division,2019,FirstStage,1.2402,0.242347,cluster_state,5.11747,5.3972e-06,0.752932,1.72748,cluster_t,291,49,49,6,1.2402,0.242347,412.447,26.1885,23.1,True,0.636053,0.678572,AR_widened_x4
emp_23,jobs_per_GW,level,division,2019,IV2SLS,11780.7,5087.7,cluster_state,2.31553,0.0249031,1551.22,22010.2,cluster_t,291,49,49,6,1.2402,0.242347,412.447,26.1885,23.1,True,0.112155,14245.6,AR_widened_x4
emp_23,jobs_per_GW,level,division,2019,OLS_FE,7847.48,4675,cluster_state,1.67861,0.0997287,-1552.24,17247.2,cluster_t,291,49,49,6,1.2402,0.242347,412.447,26.1885,23.1,True,0.149782,13090,AR_widened_x4
emp_23,jobs_per_GW,level,division,2019,ReducedForm,14610.5,6692.16,cluster_state,2.18323,0.0339408,1155,28066,cluster_t,291,49,49,6,1.2402,0.242347,412.447,26.1885,23.1,True,0.214701,18738.1,AR_widened_x4
emp_23,jobs_per_GW,level,division,2019,Wald,11780.7,5087.7,cluster_state,2.31553,0.0249031,1551.22,22010.2,cluster_t,291,49,49,6,1.2402,0.242347,412.447,26.1885,23.1,True,0.112155,14245.6,AR_widened_x4;se_is_2SLS_clustered_not_delta
emp_23,jobs_per_GW,level,state,2019,FirstStage,1.10653,0.266322,cluster_state,4.15487,0.000133068,0.571055,1.64201,cluster_t,291,49,49,6,1.10653,0.266322,332.376,17.2629,23.1,False,0.584782,0.745701,weak_iv;AR_widened_x4
emp_23,jobs_per_GW,level,state,2019,IV2SLS,12152.3,5276.89,cluster_state,2.30294,0.0256597,1300,25600,AR,291,49,49,6,1.10653,0.266322,332.376,17.2629,23.1,False,0.104709,14775.3,weak_iv;AR_widened_x4;AR_is_reported_inference
emp_23,jobs_per_GW,level,state,2019,OLS_FE,7847.48,4675,cluster_state,1.67861,0.0997287,-1552.24,17247.2,cluster_t,291,49,49,6,1.10653,0.266322,332.376,17.2629,23.1,False,0.149782,13090,weak_iv;AR_widened_x4
emp_23,jobs_per_GW,level,state,2019,ReducedForm,13446.9,6109.75,cluster_state,2.2009,0.0325861,1162.46,25731.4,cluster_t,291,49,49,6,1.10653,0.266322,332.376,17.2629,23.1,False,0.210045,17107.3,weak_iv;AR_widened_x4
emp_23,jobs_per_GW,level,state,2019,Wald,12152.3,5276.89,cluster_state,2.30294,0.0256597,1542.45,22762.2,cluster_t,291,49,49,6,1.10653,0.266322,332.376,17.2629,23.1,False,0.104709,14775.3,weak_iv;AR_widened_x4;se_is_2SLS_clustered_not_delta
emp_23,jobs_per_GW,level,union,2019,FirstStage,1.29064,0.236263,cluster_state,5.4627,1.6406e-06,0.815596,1.76568,cluster_t,291,49,49,6,1.29064,0.236263,431.042,29.8411,23.1,True,0.646199,0.661537,AR_widened_x4
emp_23,jobs_per_GW,level,union,2019,IV2SLS,11761.4,5094.38,cluster_state,2.3087,0.0253112,1518.44,22004.3,cluster_t,291,49,49,6,1.29064,0.236263,431.042,29.8411,23.1,True,0.112524,14264.3,AR_widened_x4
emp_23,jobs_per_GW,level,union,2019,OLS_FE,7847.48,4675,cluster_state,1.67861,0.0997287,-1552.24,17247.2,cluster_t,291,49,49,6,1.29064,0.236263,431.042,29.8411,23.1,True,0.149782,13090,AR_widened_x4
emp_23,jobs_per_GW,level,union,2019,ReducedForm,15179.7,6968.01,cluster_state,2.17848,0.034313,1169.53,29189.8,cluster_t,291,49,49,6,1.29064,0.236263,431.042,29.8411,23.1,True,0.217411,19510.4,AR_widened_x4
emp_23,jobs_per_GW,level,union,2019,Wald,11761.4,5094.38,cluster_state,2.3087,0.0253112,1518.44,22004.3,cluster_t,291,49,49,6,1.29064,0.236263,431.042,29.8411,23.1,True,0.112524,14264.3,AR_widened_x4;se_is_2SLS_clustered_not_delta
emp_2362,jobs_per_GW,level,contig,2019,FirstStage,1.23464,0.233738,cluster_state,5.28214,3.06443e-06,0.764674,1.7046,cluster_t,291,49,49,6,1.23464,0.233738,412.36,27.901,23.1,True,0.636005,0.654466,
emp_2362,jobs_per_GW,level,contig,2019,IV2SLS,1926.03,778.45,cluster_state,2.47419,0.0169411,360.855,3491.21,cluster_t,291,49,49,6,1.23464,0.233738,412.36,27.901,23.1,True,0.13262,2179.66,
emp_2362,jobs_per_GW,level,contig,2019,OLS_FE,1452,790.368,cluster_state,1.83712,0.0723875,-137.141,3041.14,cluster_t,291,49,49,6,1.23464,0.233738,412.36,27.901,23.1,True,0.148441,2213.03,
emp_2362,jobs_per_GW,level,contig,2019,ReducedForm,2377.95,1154.99,cluster_state,2.05885,0.0449576,55.6845,4700.21,cluster_t,291,49,49,6,1.23464,0.233738,412.36,27.901,23.1,True,0.166114,3233.97,
emp_2362,jobs_per_GW,level,contig,2019,Wald,1926.03,778.45,cluster_state,2.47419,0.0169411,360.855,3491.21,cluster_t,291,49,49,6,1.23464,0.233738,412.36,27.901,23.1,True,0.13262,2179.66,se_is_2SLS_clustered_not_delta
emp_2362,jobs_per_GW,level,division,2019,FirstStage,1.2402,0.242347,cluster_state,5.11747,5.3972e-06,0.752932,1.72748,cluster_t,291,49,49,6,1.2402,0.242347,412.447,26.1885,23.1,True,0.636053,0.678572,
emp_2362,jobs_per_GW,level,division,2019,IV2SLS,1930.56,769.445,cluster_state,2.50903,0.015536,383.489,3477.64,cluster_t,291,49,49,6,1.2402,0.242347,412.447,26.1885,23.1,True,0.132316,2154.45,
emp_2362,jobs_per_GW,level,division,2019,OLS_FE,1452,790.368,cluster_state,1.83712,0.0723875,-137.141,3041.14,cluster_t,291,49,49,6,1.2402,0.242347,412.447,26.1885,23.1,True,0.148441,2213.03,
emp_2362,jobs_per_GW,level,division,2019,ReducedForm,2394.29,1139.59,cluster_state,2.10101,0.0409167,102.985,4685.6,cluster_t,291,49,49,6,1.2402,0.242347,412.447,26.1885,23.1,True,0.166909,3190.86,
emp_2362,jobs_per_GW,level,division,2019,Wald,1930.56,769.445,cluster_state,2.50903,0.015536,383.489,3477.64,cluster_t,291,49,49,6,1.2402,0.242347,412.447,26.1885,23.1,True,0.132316,2154.45,se_is_2SLS_clustered_not_delta
emp_2362,jobs_per_GW,level,state,2019,FirstStage,1.10653,0.266322,cluster_state,4.15487,0.000133068,0.571055,1.64201,cluster_t,291,49,49,6,1.10653,0.266322,332.376,17.2629,23.1,False,0.584782,0.745701,weak_iv
emp_2362,jobs_per_GW,level,state,2019,IV2SLS,1933.82,768.489,cluster_state,2.51639,0.0152532,50,3550,AR,291,49,49,6,1.10653,0.266322,332.376,17.2629,23.1,False,0.132096,2151.77,weak_iv;AR_is_reported_inference
emp_2362,jobs_per_GW,level,state,2019,OLS_FE,1452,790.368,cluster_state,1.83712,0.0723875,-137.141,3041.14,cluster_t,291,49,49,6,1.10653,0.266322,332.376,17.2629,23.1,False,0.148441,2213.03,weak_iv
emp_2362,jobs_per_GW,level,state,2019,ReducedForm,2139.83,1050.85,cluster_state,2.03628,0.0472599,26.9499,4252.71,cluster_t,291,49,49,6,1.10653,0.266322,332.376,17.2629,23.1,False,0.153973,2942.38,weak_iv
emp_2362,jobs_per_GW,level,state,2019,Wald,1933.82,768.489,cluster_state,2.51639,0.0152532,388.666,3478.97,cluster_t,291,49,49,6,1.10653,0.266322,332.376,17.2629,23.1,False,0.132096,2151.77,weak_iv;se_is_2SLS_clustered_not_delta
emp_2362,jobs_per_GW,level,union,2019,FirstStage,1.29064,0.236263,cluster_state,5.4627,1.6406e-06,0.815596,1.76568,cluster_t,291,49,49,6,1.29064,0.236263,431.042,29.8411,23.1,True,0.646199,0.661537,
emp_2362,jobs_per_GW,level,union,2019,IV2SLS,1937.46,776.731,cluster_state,2.49438,0.0161135,375.739,3499.18,cluster_t,291,49,49,6,1.29064,0.236263,431.042,29.8411,23.1,True,0.131848,2174.85,
emp_2362,jobs_per_GW,level,union,2019,OLS_FE,1452,790.368,cluster_state,1.83712,0.0723875,-137.141,3041.14,cluster_t,291,49,49,6,1.29064,0.236263,431.042,29.8411,23.1,True,0.148441,2213.03,
emp_2362,jobs_per_GW,level,union,2019,ReducedForm,2500.56,1183.04,cluster_state,2.11367,0.0397663,121.898,4879.21,cluster_t,291,49,49,6,1.29064,0.236263,431.042,29.8411,23.1,True,0.170786,3312.51,
emp_2362,jobs_per_GW,level,union,2019,Wald,1937.46,776.731,cluster_state,2.49438,0.0161135,375.739,3499.18,cluster_t,291,49,49,6,1.29064,0.236263,431.042,29.8411,23.1,True,0.131848,2174.85,se_is_2SLS_clustered_not_delta
emp_51,jobs_per_GW,level,contig,2019,FirstStage,1.23464,0.233738,cluster_state,5.28214,3.06443e-06,0.764674,1.7046,cluster_t,291,49,49,6,1.23464,0.233738,412.36,27.901,23.1,True,0.636005,0.654466,
emp_51,jobs_per_GW,level,contig,2019,IV2SLS,5582.53,2498.92,cluster_state,2.23398,0.0301784,558.11,10606.9,cluster_t,291,49,49,6,1.23464,0.233738,412.36,27.901,23.1,True,0.0214215,6996.98,
emp_51,jobs_per_GW,level,contig,2019,OLS_FE,3140.35,1710.51,cluster_state,1.83591,0.0725688,-298.863,6579.57,cluster_t,291,49,49,6,1.23464,0.233738,412.36,27.901,23.1,True,0.0542014,4789.43,
emp_51,jobs_per_GW,level,contig,2019,ReducedForm,6892.38,2717.98,cluster_state,2.53584,0.0145276,1427.51,12357.3,cluster_t,291,49,49,6,1.23464,0.233738,412.36,27.901,23.1,True,0.108937,7610.36,
emp_51,jobs_per_GW,level,contig,2019,Wald,5582.53,2498.92,cluster_state,2.23398,0.0301784,558.11,10606.9,cluster_t,291,49,49,6,1.23464,0.233738,412.36,27.901,23.1,True,0.0214215,6996.98,se_is_2SLS_clustered_not_delta
emp_51,jobs_per_GW,level,division,2019,FirstStage,1.2402,0.242347,cluster_state,5.11747,5.3972e-06,0.752932,1.72748,cluster_t,291,49,49,6,1.2402,0.242347,412.447,26.1885,23.1,True,0.636053,0.678572,
emp_51,jobs_per_GW,level,division,2019,IV2SLS,5525.53,2405.7,cluster_state,2.29685,0.0260329,688.548,10362.5,cluster_t,291,49,49,6,1.2402,0.242347,412.447,26.1885,23.1,True,0.0229338,6735.96,
emp_51,jobs_per_GW,level,division,2019,OLS_FE,3140.35,1710.51,cluster_state,1.83591,0.0725688,-298.863,6579.57,cluster_t,291,49,49,6,1.2402,0.242347,412.447,26.1885,23.1,True,0.0542014,4789.43,
emp_51,jobs_per_GW,level,division,2019,ReducedForm,6852.78,2528.11,cluster_state,2.71064,0.00928742,1769.68,11935.9,cluster_t,291,49,49,6,1.2402,0.242347,412.447,26.1885,23.1,True,0.106732,7078.71,
emp_51,jobs_per_GW,level,division,2019,Wald,5525.53,2405.7,cluster_state,2.29685,0.0260329,688.548,10362.5,cluster_t,291,49,49,6,1.2402,0.242347,412.447,26.1885,23.1,True,0.0229338,6735.96,se_is_2SLS_clustered_not_delta
emp_51,jobs_per_GW,level,state,2019,FirstStage,1.10653,0.266322,cluster_state,4.15487,0.000133068,0.571055,1.64201,cluster_t,291,49,49,6,1.10653,0.266322,332.376,17.2629,23.1,False,0.584782,0.745701,weak_iv
emp_51,jobs_per_GW,level,state,2019,IV2SLS,5890.73,2694.88,cluster_state,2.1859,0.0337328,1475,14525,AR,291,49,49,6,1.10653,0.266322,332.376,17.2629,23.1,False,0.0126259,7545.66,weak_iv;AR_is_reported_inference
emp_51,jobs_per_GW,level,state,2019,OLS_FE,3140.35,1710.51,cluster_state,1.83591,0.0725688,-298.863,6579.57,cluster_t,291,49,49,6,1.10653,0.266322,332.376,17.2629,23.1,False,0.0542014,4789.43,weak_iv
emp_51,jobs_per_GW,level,state,2019,ReducedForm,6518.27,2368.96,cluster_state,2.75153,0.00834414,1755.15,11281.4,cluster_t,291,49,49,6,1.10653,0.266322,332.376,17.2629,23.1,False,0.111528,6633.09,weak_iv
emp_51,jobs_per_GW,level,state,2019,Wald,5890.73,2694.88,cluster_state,2.1859,0.0337328,472.31,11309.1,cluster_t,291,49,49,6,1.10653,0.266322,332.376,17.2629,23.1,False,0.0126259,7545.66,weak_iv;se_is_2SLS_clustered_not_delta
emp_51,jobs_per_GW,level,union,2019,FirstStage,1.29064,0.236263,cluster_state,5.4627,1.6406e-06,0.815596,1.76568,cluster_t,291,49,49,6,1.29064,0.236263,431.042,29.8411,23.1,True,0.646199,0.661537,
emp_51,jobs_per_GW,level,union,2019,IV2SLS,5602.08,2447.21,cluster_state,2.28917,0.0265103,681.639,10522.5,cluster_t,291,49,49,6,1.29064,0.236263,431.042,29.8411,23.1,True,0.0208944,6852.19,
emp_51,jobs_per_GW,level,union,2019,OLS_FE,3140.35,1710.51,cluster_state,1.83591,0.0725688,-298.863,6579.57,cluster_t,291,49,49,6,1.29064,0.236263,431.042,29.8411,23.1,True,0.0542014,4789.43,
emp_51,jobs_per_GW,level,union,2019,ReducedForm,7230.25,2693.5,cluster_state,2.68434,0.00994489,1814.61,12645.9,cluster_t,291,49,49,6,1.29064,0.236263,431.042,29.8411,23.1,True,0.11146,7541.79,
emp_51,jobs_per_GW,level,union,2019,Wald,5602.08,2447.21,cluster_state,2.28917,0.0265103,681.639,10522.5,cluster_t,291,49,49,6,1.29064,0.236263,431.042,29.8411,23.1,True,0.0208944,6852.19,se_is_2SLS_clustered_not_delta
emp_517,jobs_per_GW,level,contig,2019,FirstStage,1.23464,0.233738,cluster_state,5.28214,3.06443e-06,0.764674,1.7046,cluster_t,291,49,49,6,1.23464,0.233738,412.36,27.901,23.1,True,0.636005,0.654466,
emp_517,jobs_per_GW,level,contig,2019,IV2SLS,-866.383,1038.82,cluster_state,-0.834009,0.408407,-2955.06,1222.3,cluster_t,291,49,49,6,1.23464,0.233738,412.36,27.901,23.1,True,-0.181762,2908.69,
emp_517,jobs_per_GW,level,contig,2019,OLS_FE,98.3833,480.102,cluster_state,0.204922,0.8385,-866.926,1063.69,cluster_t,291,49,49,6,1.23464,0.233738,412.36,27.901,23.1,True,0.00191004,1344.29,
emp_517,jobs_per_GW,level,contig,2019,ReducedForm,-1069.67,1091.21,cluster_state,-0.980256,0.331875,-3263.7,1124.36,cluster_t,291,49,49,6,1.23464,0.233738,412.36,27.901,23.1,True,0.0942063,3055.39,
emp_517,jobs_per_GW,level,contig,2019,Wald,-866.383,1038.82,cluster_state,-0.834009,0.408407,-2955.06,1222.3,cluster_t,291,49,49,6,1.23464,0.233738,412.36,27.901,23.1,True,-0.181762,2908.69,se_is_2SLS_clustered_not_delta
emp_517,jobs_per_GW,level,division,2019,FirstStage,1.2402,0.242347,cluster_state,5.11747,5.3972e-06,0.752932,1.72748,cluster_t,291,49,49,6,1.2402,0.242347,412.447,26.1885,23.1,True,0.636053,0.678572,
emp_517,jobs_per_GW,level,division,2019,IV2SLS,-858.554,1069.19,cluster_state,-0.802998,0.425934,-3008.29,1291.19,cluster_t,291,49,49,6,1.2402,0.242347,412.447,26.1885,23.1,True,-0.178793,2993.72,
emp_517,jobs_per_GW,level,division,2019,OLS_FE,98.3833,480.102,cluster_state,0.204922,0.8385,-866.926,1063.69,cluster_t,291,49,49,6,1.2402,0.242347,412.447,26.1885,23.1,True,0.00191004,1344.29,
emp_517,jobs_per_GW,level,division,2019,ReducedForm,-1064.78,1130.81,cluster_state,-0.941606,0.351109,-3338.44,1208.87,cluster_t,291,49,49,6,1.2402,0.242347,412.447,26.1885,23.1,True,0.0925183,3166.28,
emp_517,jobs_per_GW,level,division,2019,Wald,-858.554,1069.19,cluster_state,-0.802998,0.425934,-3008.29,1291.19,cluster_t,291,49,49,6,1.2402,0.242347,412.447,26.1885,23.1,True,-0.178793,2993.72,se_is_2SLS_clustered_not_delta
emp_517,jobs_per_GW,level,state,2019,FirstStage,1.10653,0.266322,cluster_state,4.15487,0.000133068,0.571055,1.64201,cluster_t,291,49,49,6,1.10653,0.266322,332.376,17.2629,23.1,False,0.584782,0.745701,weak_iv
emp_517,jobs_per_GW,level,state,2019,IV2SLS,-1017.73,1151.71,cluster_state,-0.883667,0.381281,-5375,575,AR,291,49,49,6,1.10653,0.266322,332.376,17.2629,23.1,False,-0.24391,3224.8,weak_iv;AR_is_reported_inference
emp_517,jobs_per_GW,level,state,2019,OLS_FE,98.3833,480.102,cluster_state,0.204922,0.8385,-866.926,1063.69,cluster_t,291,49,49,6,1.10653,0.266322,332.376,17.2629,23.1,False,0.00191004,1344.29,weak_iv
emp_517,jobs_per_GW,level,state,2019,ReducedForm,-1126.15,1020.89,cluster_state,-1.10311,0.275479,-3178.78,926.477,cluster_t,291,49,49,6,1.10653,0.266322,332.376,17.2629,23.1,False,0.119525,2858.48,weak_iv
emp_517,jobs_per_GW,level,state,2019,Wald,-1017.73,1151.71,cluster_state,-0.883667,0.381281,-3333.41,1297.94,cluster_t,291,49,49,6,1.10653,0.266322,332.376,17.2629,23.1,False,-0.24391,3224.8,weak_iv;se_is_2SLS_clustered_not_delta
emp_517,jobs_per_GW,level,union,2019,FirstStage,1.29064,0.236263,cluster_state,5.4627,1.6406e-06,0.815596,1.76568,cluster_t,291,49,49,6,1.29064,0.236263,431.042,29.8411,23.1,True,0.646199,0.661537,
emp_517,jobs_per_GW,level,union,2019,IV2SLS,-819.639,1042.23,cluster_state,-0.786431,0.43548,-2915.18,1275.9,cluster_t,291,49,49,6,1.29064,0.236263,431.042,29.8411,23.1,True,-0.164395,2918.23,
emp_517,jobs_per_GW,level,union,2019,OLS_FE,98.3833,480.102,cluster_state,0.204922,0.8385,-866.926,1063.69,cluster_t,291,49,49,6,1.29064,0.236263,431.042,29.8411,23.1,True,0.00191004,1344.29,
emp_517,jobs_per_GW,level,union,2019,ReducedForm,-1057.86,1165.74,cluster_state,-0.907453,0.368701,-3401.74,1286.03,cluster_t,291,49,49,6,1.29064,0.236263,431.042,29.8411,23.1,True,0.0856666,3264.08,
emp_517,jobs_per_GW,level,union,2019,Wald,-819.639,1042.23,cluster_state,-0.786431,0.43548,-2915.18,1275.9,cluster_t,291,49,49,6,1.29064,0.236263,431.042,29.8411,23.1,True,-0.164395,2918.23,se_is_2SLS_clustered_not_delta
emp_5182,jobs_per_GW,level,contig,2019,FirstStage,1.23464,0.233738,cluster_state,5.28214,3.06443e-06,0.764674,1.7046,cluster_t,291,49,49,6,1.23464,0.233738,412.36,27.901,23.1,True,0.636005,0.654466,
emp_5182,jobs_per_GW,level,contig,2019,IV2SLS,3559.39,1927.4,cluster_state,1.84673,0.0709563,-315.913,7434.7,cluster_t,291,49,49,6,1.23464,0.233738,412.36,27.901,23.1,True,-0.0589751,5396.73,
emp_5182,jobs_per_GW,level,contig,2019,OLS_FE,1562.06,424.121,cluster_state,3.68304,0.000584263,709.303,2414.81,cluster_t,291,49,49,6,1.23464,0.233738,412.36,27.901,23.1,True,0.0928794,1187.54,
emp_5182,jobs_per_GW,level,contig,2019,ReducedForm,4394.55,1776.55,cluster_state,2.47364,0.0169642,822.553,7966.55,cluster_t,291,49,49,6,1.23464,0.233738,412.36,27.901,23.1,True,0.306717,4974.35,
emp_5182,jobs_per_GW,level,contig,2019,Wald,3559.39,1927.4,cluster_state,1.84673,0.0709563,-315.913,7434.7,cluster_t,291,49,49,6,1.23464,0.233738,412.36,27.901,23.1,True,-0.0589751,5396.73,se_is_2SLS_clustered_not_delta
emp_5182,jobs_per_GW,level,division,2019,FirstStage,1.2402,0.242347,cluster_state,5.11747,5.3972e-06,0.752932,1.72748,cluster_t,291,49,49,6,1.2402,0.242347,412.447,26.1885,23.1,True,0.636053,0.678572,
emp_5182,jobs_per_GW,level,division,2019,IV2SLS,3572.79,1992.02,cluster_state,1.79355,0.0791864,-432.442,7578.01,cluster_t,291,49,49,6,1.2402,0.242347,412.447,26.1885,23.1,True,-0.0610188,5577.66,
emp_5182,jobs_per_GW,level,division,2019,OLS_FE,1562.06,424.121,cluster_state,3.68304,0.000584263,709.303,2414.81,cluster_t,291,49,49,6,1.2402,0.242347,412.447,26.1885,23.1,True,0.0928794,1187.54,
emp_5182,jobs_per_GW,level,division,2019,ReducedForm,4430.98,1789.32,cluster_state,2.47636,0.0168505,833.324,8028.65,cluster_t,291,49,49,6,1.2402,0.242347,412.447,26.1885,23.1,True,0.309053,5010.08,
emp_5182,jobs_per_GW,level,division,2019,Wald,3572.79,1992.02,cluster_state,1.79355,0.0791864,-432.442,7578.01,cluster_t,291,49,49,6,1.2402,0.242347,412.447,26.1885,23.1,True,-0.0610188,5577.66,se_is_2SLS_clustered_not_delta
emp_5182,jobs_per_GW,level,state,2019,FirstStage,1.10653,0.266322,cluster_state,4.15487,0.000133068,0.571055,1.64201,cluster_t,291,49,49,6,1.10653,0.266322,332.376,17.2629,23.1,False,0.584782,0.745701,weak_iv
emp_5182,jobs_per_GW,level,state,2019,IV2SLS,3875.67,2266.55,cluster_state,1.70994,0.0937347,600,12075,AR,291,49,49,6,1.10653,0.266322,332.376,17.2629,23.1,False,-0.110876,6346.35,weak_iv;AR_is_reported_inference
emp_5182,jobs_per_GW,level,state,2019,OLS_FE,1562.06,424.121,cluster_state,3.68304,0.000584263,709.303,2414.81,cluster_t,291,49,49,6,1.10653,0.266322,332.376,17.2629,23.1,False,0.0928794,1187.54,weak_iv
emp_5182,jobs_per_GW,level,state,2019,ReducedForm,4288.55,1712.96,cluster_state,2.50359,0.0157483,844.41,7732.69,cluster_t,291,49,49,6,1.10653,0.266322,332.376,17.2629,23.1,False,0.33436,4796.29,weak_iv
emp_5182,jobs_per_GW,level,state,2019,Wald,3875.67,2266.55,cluster_state,1.70994,0.0937347,-681.541,8432.89,cluster_t,291,49,49,6,1.10653,0.266322,332.376,17.2629,23.1,False,-0.110876,6346.35,weak_iv;se_is_2SLS_clustered_not_delta
emp_5182,jobs_per_GW,level,union,2019,FirstStage,1.29064,0.236263,cluster_state,5.4627,1.6406e-06,0.815596,1.76568,cluster_t,291,49,49,6,1.29064,0.236263,431.042,29.8411,23.1,True,0.646199,0.661537,
emp_5182,jobs_per_GW,level,union,2019,IV2SLS,3512.95,1906.02,cluster_state,1.84308,0.0714974,-319.369,7345.26,cluster_t,291,49,49,6,1.29064,0.236263,431.042,29.8411,23.1,True,-0.0519951,5336.86,
emp_5182,jobs_per_GW,level,union,2019,OLS_FE,1562.06,424.121,cluster_state,3.68304,0.000584263,709.303,2414.81,cluster_t,291,49,49,6,1.29064,0.236263,431.042,29.8411,23.1,True,0.0928794,1187.54,
emp_5182,jobs_per_GW,level,union,2019,ReducedForm,4533.94,1824.42,cluster_state,2.48514,0.0164874,865.702,8202.17,cluster_t,291,49,49,6,1.29064,0.236263,431.042,29.8411,23.1,True,0.303554,5108.36,
emp_5182,jobs_per_GW,level,union,2019,Wald,3512.95,1906.02,cluster_state,1.84308,0.0714974,-319.369,7345.26,cluster_t,291,49,49,6,1.29064,0.236263,431.042,29.8411,23.1,True,-0.0519951,5336.86,se_is_2SLS_clustered_not_delta
emp_5182_cleaned,jobs_per_GW,level,contig,2019,FirstStage,1.23464,0.233738,cluster_state,5.28214,3.06443e-06,0.764674,1.7046,cluster_t,291,49,49,6,1.23464,0.233738,412.36,27.901,23.1,True,0.636005,0.654466,
emp_5182_cleaned,jobs_per_GW,level,contig,2019,IV2SLS,2715.77,1466.72,cluster_state,1.85159,0.0702409,-233.269,5664.81,cluster_t,291,49,49,6,1.23464,0.233738,412.36,27.901,23.1,True,-0.0621986,4106.82,
emp_5182_cleaned,jobs_per_GW,level,contig,2019,OLS_FE,1186.79,305.648,cluster_state,3.88285,0.000315118,572.238,1801.33,cluster_t,291,49,49,6,1.23464,0.233738,412.36,27.901,23.1,True,0.0942654,855.815,
emp_5182_cleaned,jobs_per_GW,level,contig,2019,ReducedForm,3352.99,1344.08,cluster_state,2.49464,0.0161032,650.536,6055.44,cluster_t,291,49,49,6,1.23464,0.233738,412.36,27.901,23.1,True,0.313946,3763.42,
emp_5182_cleaned,jobs_per_GW,level,contig,2019,Wald,2715.77,1466.72,cluster_state,1.85159,0.0702409,-233.269,5664.81,cluster_t,291,49,49,6,1.23464,0.233738,412.36,27.901,23.1,True,-0.0621986,4106.82,se_is_2SLS_clustered_not_delta
emp_5182_cleaned,jobs_per_GW,level,division,2019,FirstStage,1.2402,0.242347,cluster_state,5.11747,5.3972e-06,0.752932,1.72748,cluster_t,291,49,49,6,1.2402,0.242347,412.447,26.1885,23.1,True,0.636053,0.678572,
emp_5182_cleaned,jobs_per_GW,level,division,2019,IV2SLS,2723.25,1515.23,cluster_state,1.79725,0.0785878,-323.319,5769.82,cluster_t,291,49,49,6,1.2402,0.242347,412.447,26.1885,23.1,True,-0.063733,4242.63,
emp_5182_cleaned,jobs_per_GW,level,division,2019,OLS_FE,1186.79,305.648,cluster_state,3.88285,0.000315118,572.238,1801.33,cluster_t,291,49,49,6,1.2402,0.242347,412.447,26.1885,23.1,True,0.0942654,855.815,
emp_5182_cleaned,jobs_per_GW,level,division,2019,ReducedForm,3377.38,1354.8,cluster_state,2.4929,0.0161729,653.372,6101.4,cluster_t,291,49,49,6,1.2402,0.242347,412.447,26.1885,23.1,True,0.315701,3793.45,
emp_5182_cleaned,jobs_per_GW,level,division,2019,Wald,2723.25,1515.23,cluster_state,1.79725,0.0785878,-323.319,5769.82,cluster_t,291,49,49,6,1.2402,0.242347,412.447,26.1885,23.1,True,-0.063733,4242.63,se_is_2SLS_clustered_not_delta
emp_5182_cleaned,jobs_per_GW,level,state,2019,FirstStage,1.10653,0.266322,cluster_state,4.15487,0.000133068,0.571055,1.64201,cluster_t,291,49,49,6,1.10653,0.266322,332.376,17.2629,23.1,False,0.584782,0.745701,weak_iv
emp_5182_cleaned,jobs_per_GW,level,state,2019,IV2SLS,2957.52,1724.95,cluster_state,1.71455,0.0928788,475,9225,AR,291,49,49,6,1.10653,0.266322,332.376,17.2629,23.1,False,-0.115587,4829.87,weak_iv;AR_is_reported_inference
emp_5182_cleaned,jobs_per_GW,level,state,2019,OLS_FE,1186.79,305.648,cluster_state,3.88285,0.000315118,572.238,1801.33,cluster_t,291,49,49,6,1.10653,0.266322,332.376,17.2629,23.1,False,0.0942654,855.815,weak_iv
emp_5182_cleaned,jobs_per_GW,level,state,2019,ReducedForm,3272.59,1296.37,cluster_state,2.52442,0.0149499,666.053,5879.12,cluster_t,291,49,49,6,1.10653,0.266322,332.376,17.2629,23.1,False,0.34234,3629.84,weak_iv
emp_5182_cleaned,jobs_per_GW,level,state,2019,Wald,2957.52,1724.95,cluster_state,1.71455,0.0928788,-510.735,6425.77,cluster_t,291,49,49,6,1.10653,0.266322,332.376,17.2629,23.1,False,-0.115587,4829.87,weak_iv;se_is_2SLS_clustered_not_delta
emp_5182_cleaned,jobs_per_GW,level,union,2019,FirstStage,1.29064,0.236263,cluster_state,5.4627,1.6406e-06,0.815596,1.76568,cluster_t,291,49,49,6,1.29064,0.236263,431.042,29.8411,23.1,True,0.646199,0.661537,
emp_5182_cleaned,jobs_per_GW,level,union,2019,IV2SLS,2677.38,1450.1,cluster_state,1.84634,0.0710136,-238.243,5593.01,cluster_t,291,49,49,6,1.29064,0.236263,431.042,29.8411,23.1,True,-0.0544407,4060.29,
emp_5182_cleaned,jobs_per_GW,level,union,2019,OLS_FE,1186.79,305.648,cluster_state,3.88285,0.000315118,572.238,1801.33,cluster_t,291,49,49,6,1.29064,0.236263,431.042,29.8411,23.1,True,0.0942654,855.815,
emp_5182_cleaned,jobs_per_GW,level,union,2019,ReducedForm,3455.53,1381.82,cluster_state,2.50071,0.0158618,677.191,6233.86,cluster_t,291,49,49,6,1.29064,0.236263,431.042,29.8411,23.1,True,0.310024,3869.1,
emp_5182_cleaned,jobs_per_GW,level,union,2019,Wald,2677.38,1450.1,cluster_state,1.84634,0.0710136,-238.243,5593.01,cluster_t,291,49,49,6,1.29064,0.236263,431.042,29.8411,23.1,True,-0.0544407,4060.29,se_is_2SLS_clustered_not_delta
emp_5182_cleaned_mult,jobs_per_GW,level,contig,2019,FirstStage,1.23464,0.233738,cluster_state,5.28214,3.06443e-06,0.764674,1.7046,cluster_t,291,49,49,6,1.23464,0.233738,412.36,27.901,23.1,True,0.636005,0.654466,AR_widened_x4
emp_5182_cleaned_mult,jobs_per_GW,level,contig,2019,IV2SLS,15335.4,8315.82,cluster_state,1.84412,0.0713427,-1384.72,32055.4,cluster_t,291,49,49,6,1.23464,0.233738,412.36,27.901,23.1,True,-0.058937,23284.3,AR_widened_x4
emp_5182_cleaned_mult,jobs_per_GW,level,contig,2019,OLS_FE,6756.84,1931.58,cluster_state,3.49809,0.00102102,2873.14,10640.5,cluster_t,291,49,49,6,1.23464,0.233738,412.36,27.901,23.1,True,0.0963181,5408.42,AR_widened_x4
emp_5182_cleaned_mult,jobs_per_GW,level,contig,2019,ReducedForm,18933.6,7716.78,cluster_state,2.45356,0.0178264,3417.95,34449.2,cluster_t,291,49,49,6,1.23464,0.233738,412.36,27.901,23.1,True,0.315551,21607,AR_widened_x4
emp_5182_cleaned_mult,jobs_per_GW,level,contig,2019,Wald,15335.4,8315.82,cluster_state,1.84412,0.0713427,-1384.72,32055.4,cluster_t,291,49,49,6,1.23464,0.233738,412.36,27.901,23.1,True,-0.058937,23284.3,AR_widened_x4;se_is_2SLS_clustered_not_delta
emp_5182_cleaned_mult,jobs_per_GW,level,division,2019,FirstStage,1.2402,0.242347,cluster_state,5.11747,5.3972e-06,0.752932,1.72748,cluster_t,291,49,49,6,1.2402,0.242347,412.447,26.1885,23.1,True,0.636053,0.678572,AR_widened_x4
emp_5182_cleaned_mult,jobs_per_GW,level,division,2019,IV2SLS,15376.8,8573.91,cluster_state,1.79344,0.0792045,-1862.24,32615.8,cluster_t,291,49,49,6,1.2402,0.242347,412.447,26.1885,23.1,True,-0.0604391,24006.9,AR_widened_x4
emp_5182_cleaned_mult,jobs_per_GW,level,division,2019,OLS_FE,6756.84,1931.58,cluster_state,3.49809,0.00102102,2873.14,10640.5,cluster_t,291,49,49,6,1.2402,0.242347,412.447,26.1885,23.1,True,0.0963181,5408.42,AR_widened_x4
emp_5182_cleaned_mult,jobs_per_GW,level,division,2019,ReducedForm,19070.3,7747.25,cluster_state,2.46156,0.0174782,3493.43,34647.2,cluster_t,291,49,49,6,1.2402,0.242347,412.447,26.1885,23.1,True,0.317281,21692.3,AR_widened_x4
emp_5182_cleaned_mult,jobs_per_GW,level,division,2019,Wald,15376.8,8573.91,cluster_state,1.79344,0.0792045,-1862.24,32615.8,cluster_t,291,49,49,6,1.2402,0.242347,412.447,26.1885,23.1,True,-0.0604391,24006.9,AR_widened_x4;se_is_2SLS_clustered_not_delta
emp_5182_cleaned_mult,jobs_per_GW,level,state,2019,FirstStage,1.10653,0.266322,cluster_state,4.15487,0.000133068,0.571055,1.64201,cluster_t,291,49,49,6,1.10653,0.266322,332.376,17.2629,23.1,False,0.584782,0.745701,weak_iv;AR_widened_x4
emp_5182_cleaned_mult,jobs_per_GW,level,state,2019,IV2SLS,16697.8,9767.53,cluster_state,1.70953,0.0938121,2500,51900,AR,291,49,49,6,1.10653,0.266322,332.376,17.2629,23.1,False,-0.112169,27349.1,weak_iv;AR_widened_x4;AR_is_reported_inference
emp_5182_cleaned_mult,jobs_per_GW,level,state,2019,OLS_FE,6756.84,1931.58,cluster_state,3.49809,0.00102102,2873.14,10640.5,cluster_t,291,49,49,6,1.10653,0.266322,332.376,17.2629,23.1,False,0.0963181,5408.42,weak_iv;AR_widened_x4
emp_5182_cleaned_mult,jobs_per_GW,level,state,2019,ReducedForm,18476.7,7426.25,cluster_state,2.48802,0.0163702,3545.18,33408.1,cluster_t,291,49,49,6,1.10653,0.266322,332.376,17.2629,23.1,False,0.343981,20793.5,weak_iv;AR_widened_x4
emp_5182_cleaned_mult,jobs_per_GW,level,state,2019,Wald,16697.8,9767.53,cluster_state,1.70953,0.0938121,-2941.1,36336.8,cluster_t,291,49,49,6,1.10653,0.266322,332.376,17.2629,23.1,False,-0.112169,27349.1,weak_iv;AR_widened_x4;se_is_2SLS_clustered_not_delta
emp_5182_cleaned_mult,jobs_per_GW,level,union,2019,FirstStage,1.29064,0.236263,cluster_state,5.4627,1.6406e-06,0.815596,1.76568,cluster_t,291,49,49,6,1.29064,0.236263,431.042,29.8411,23.1,True,0.646199,0.661537,AR_widened_x4
emp_5182_cleaned_mult,jobs_per_GW,level,union,2019,IV2SLS,15111.5,8200.8,cluster_state,1.84268,0.0715563,-1377.36,31600.3,cluster_t,291,49,49,6,1.29064,0.236263,431.042,29.8411,23.1,True,-0.0509383,22962.2,AR_widened_x4
emp_5182_cleaned_mult,jobs_per_GW,level,union,2019,OLS_FE,6756.84,1931.58,cluster_state,3.49809,0.00102102,2873.14,10640.5,cluster_t,291,49,49,6,1.29064,0.236263,431.042,29.8411,23.1,True,0.0963181,5408.42,AR_widened_x4
emp_5182_cleaned_mult,jobs_per_GW,level,union,2019,ReducedForm,19503.4,7897.33,cluster_state,2.46962,0.0171338,3624.73,35382,cluster_t,291,49,49,6,1.29064,0.236263,431.042,29.8411,23.1,True,0.311315,22112.5,AR_widened_x4
emp_5182_cleaned_mult,jobs_per_GW,level,union,2019,Wald,15111.5,8200.8,cluster_state,1.84268,0.0715563,-1377.36,31600.3,cluster_t,291,49,49,6,1.29064,0.236263,431.042,29.8411,23.1,True,-0.0509383,22962.2,AR_widened_x4;se_is_2SLS_clustered_not_delta
emp_5182_state_total,jobs_per_GW,level,contig,2019,FirstStage,1.23464,0.233738,cluster_state,5.28214,3.06443e-06,0.764674,1.7046,cluster_t,291,49,49,6,1.23464,0.233738,412.36,27.901,23.1,True,0.636005,0.654466,AR_widened_x4
emp_5182_state_total,jobs_per_GW,level,contig,2019,IV2SLS,16179,8777.13,cluster_state,1.84331,0.0714626,-1468.62,33826.6,cluster_t,291,49,49,6,1.23464,0.233738,412.36,27.901,23.1,True,-0.0584394,24576,AR_widened_x4
emp_5182_state_total,jobs_per_GW,level,contig,2019,OLS_FE,7132.11,2051.16,cluster_state,3.47712,0.00108683,3007.98,11256.2,cluster_t,291,49,49,6,1.23464,0.233738,412.36,27.901,23.1,True,0.0959567,5743.24,AR_widened_x4
emp_5182_state_total,jobs_per_GW,level,contig,2019,ReducedForm,19975.1,8150.17,cluster_state,2.45089,0.017944,3588.13,36362.2,cluster_t,291,49,49,6,1.23464,0.233738,412.36,27.901,23.1,True,0.314052,22820.5,AR_widened_x4
emp_5182_state_total,jobs_per_GW,level,contig,2019,Wald,16179,8777.13,cluster_state,1.84331,0.0714626,-1468.62,33826.6,cluster_t,291,49,49,6,1.23464,0.233738,412.36,27.901,23.1,True,-0.0584394,24576,AR_widened_x4;se_is_2SLS_clustered_not_delta
emp_5182_state_total,jobs_per_GW,level,division,2019,FirstStage,1.2402,0.242347,cluster_state,5.11747,5.3972e-06,0.752932,1.72748,cluster_t,291,49,49,6,1.2402,0.242347,412.447,26.1885,23.1,True,0.636053,0.678572,AR_widened_x4
emp_5182_state_total,jobs_per_GW,level,division,2019,IV2SLS,16226.3,9051.36,cluster_state,1.79269,0.0793252,-1972.68,34425.3,cluster_t,291,49,49,6,1.2402,0.242347,412.447,26.1885,23.1,True,-0.0600586,25343.8,AR_widened_x4
emp_5182_state_total,jobs_per_GW,level,division,2019,OLS_FE,7132.11,2051.16,cluster_state,3.47712,0.00108683,3007.98,11256.2,cluster_t,291,49,49,6,1.2402,0.242347,412.447,26.1885,23.1,True,0.0959567,5743.24,AR_widened_x4
emp_5182_state_total,jobs_per_GW,level,division,2019,ReducedForm,20123.9,8182.81,cluster_state,2.45929,0.0175762,3671.29,36576.6,cluster_t,291,49,49,6,1.2402,0.242347,412.447,26.1885,23.1,True,0.315916,22911.9,AR_widened_x4
emp_5182_state_total,jobs_per_GW,level,division,2019,Wald,16226.3,9051.36,cluster_state,1.79269,0.0793252,-1972.68,34425.3,cluster_t,291,49,49,6,1.2402,0.242347,412.447,26.1885,23.1,True,-0.0600586,25343.8,AR_widened_x4;se_is_2SLS_clustered_not_delta
emp_5182_state_total,jobs_per_GW,level,state,2019,FirstStage,1.10653,0.266322,cluster_state,4.15487,0.000133068,0.571055,1.64201,cluster_t,291,49,49,6,1.10653,0.266322,332.376,17.2629,23.1,False,0.584782,0.745701,weak_iv;AR_widened_x4
emp_5182_state_total,jobs_per_GW,level,state,2019,IV2SLS,17616,10309.6,cluster_state,1.70869,0.093968,2600,54800,AR,291,49,49,6,1.10653,0.266322,332.376,17.2629,23.1,False,-0.111383,28867,weak_iv;AR_widened_x4;AR_is_reported_inference
emp_5182_state_total,jobs_per_GW,level,state,2019,OLS_FE,7132.11,2051.16,cluster_state,3.47712,0.00108683,3007.98,11256.2,cluster_t,291,49,49,6,1.10653,0.266322,332.376,17.2629,23.1,False,0.0959567,5743.24,weak_iv;AR_widened_x4
emp_5182_state_total,jobs_per_GW,level,state,2019,ReducedForm,19492.6,7843.58,cluster_state,2.48517,0.0164864,3722.05,35263.2,cluster_t,291,49,49,6,1.10653,0.266322,332.376,17.2629,23.1,False,0.342332,21962,weak_iv;AR_widened_x4
emp_5182_state_total,jobs_per_GW,level,state,2019,Wald,17616,10309.6,cluster_state,1.70869,0.093968,-3112.94,38344.9,cluster_t,291,49,49,6,1.10653,0.266322,332.376,17.2629,23.1,False,-0.111383,28867,weak_iv;AR_widened_x4;se_is_2SLS_clustered_not_delta
emp_5182_state_total,jobs_per_GW,level,union,2019,FirstStage,1.29064,0.236263,cluster_state,5.4627,1.6406e-06,0.815596,1.76568,cluster_t,291,49,49,6,1.29064,0.236263,431.042,29.8411,23.1,True,0.646199,0.661537,AR_widened_x4
emp_5182_state_total,jobs_per_GW,level,union,2019,IV2SLS,15947,8657.43,cluster_state,1.842,0.071657,-1459.91,33354,cluster_t,291,49,49,6,1.29064,0.236263,431.042,29.8411,23.1,True,-0.0506235,24240.8,AR_widened_x4
emp_5182_state_total,jobs_per_GW,level,union,2019,OLS_FE,7132.11,2051.16,cluster_state,3.47712,0.00108683,3007.98,11256.2,cluster_t,291,49,49,6,1.29064,0.236263,431.042,29.8411,23.1,True,0.0959567,5743.24,AR_widened_x4
emp_5182_state_total,jobs_per_GW,level,union,2019,ReducedForm,20581.8,8341.09,cluster_state,2.46752,0.0172229,3810.91,37352.7,cluster_t,291,49,49,6,1.29064,0.236263,431.042,29.8411,23.1,True,0.310002,23355,AR_widened_x4
emp_5182_state_total,jobs_per_GW,level,union,2019,Wald,15947,8657.43,cluster_state,1.842,0.071657,-1459.91,33354,cluster_t,291,49,49,6,1.29064,0.236263,431.042,29.8411,23.1,True,-0.0506235,24240.8,AR_widened_x4;se_is_2SLS_clustered_not_delta
emp_5415,jobs_per_GW,level,contig,2019,FirstStage,1.23464,0.233738,cluster_state,5.28214,3.06443e-06,0.764674,1.7046,cluster_t,291,49,49,6,1.23464,0.233738,412.36,27.901,23.1,True,0.636005,0.654466,
emp_5415,jobs_per_GW,level,contig,2019,IV2SLS,8771.05,5356.47,cluster_state,1.63747,0.108073,-1998.85,19541,cluster_t,291,49,49,6,1.23464,0.233738,412.36,27.901,23.1,True,0.269178,14998.1,
emp_5415,jobs_per_GW,level,contig,2019,OLS_FE,7548.41,5521.47,cluster_state,1.3671,0.177962,-3553.25,18650.1,cluster_t,291,49,49,6,1.23464,0.233738,412.36,27.901,23.1,True,0.27643,15460.1,
emp_5415,jobs_per_GW,level,contig,2019,ReducedForm,10829.1,7913.03,cluster_state,1.36851,0.177524,-5081.16,26739.3,cluster_t,291,49,49,6,1.23464,0.233738,412.36,27.901,23.1,True,0.237377,22156.5,
emp_5415,jobs_per_GW,level,contig,2019,Wald,8771.05,5356.47,cluster_state,1.63747,0.108073,-1998.85,19541,cluster_t,291,49,49,6,1.23464,0.233738,412.36,27.901,23.1,True,0.269178,14998.1,se_is_2SLS_clustered_not_delta
emp_5415,jobs_per_GW,level,division,2019,FirstStage,1.2402,0.242347,cluster_state,5.11747,5.3972e-06,0.752932,1.72748,cluster_t,291,49,49,6,1.2402,0.242347,412.447,26.1885,23.1,True,0.636053,0.678572,
emp_5415,jobs_per_GW,level,division,2019,IV2SLS,8744.98,5410.84,cluster_state,1.6162,0.112606,-2134.24,19624.2,cluster_t,291,49,49,6,1.2402,0.242347,412.447,26.1885,23.1,True,0.269484,15150.3,
emp_5415,jobs_per_GW,level,division,2019,OLS_FE,7548.41,5521.47,cluster_state,1.3671,0.177962,-3553.25,18650.1,cluster_t,291,49,49,6,1.2402,0.242347,412.447,26.1885,23.1,True,0.27643,15460.1,
emp_5415,jobs_per_GW,level,division,2019,ReducedForm,10845.6,8018.38,cluster_state,1.35259,0.182525,-5276.47,26967.6,cluster_t,291,49,49,6,1.2402,0.242347,412.447,26.1885,23.1,True,0.235986,22451.5,
emp_5415,jobs_per_GW,level,division,2019,Wald,8744.98,5410.84,cluster_state,1.6162,0.112606,-2134.24,19624.2,cluster_t,291,49,49,6,1.2402,0.242347,412.447,26.1885,23.1,True,0.269484,15150.3,se_is_2SLS_clustered_not_delta
emp_5415,jobs_per_GW,level,state,2019,FirstStage,1.10653,0.266322,cluster_state,4.15487,0.000133068,0.571055,1.64201,cluster_t,291,49,49,6,1.10653,0.266322,332.376,17.2629,23.1,False,0.584782,0.745701,weak_iv
emp_5415,jobs_per_GW,level,state,2019,IV2SLS,8608.44,5373.71,cluster_state,1.60196,0.115727,-7500,18050,AR,291,49,49,6,1.10653,0.266322,332.376,17.2629,23.1,False,0.270979,15046.4,weak_iv;AR_is_reported_inference
emp_5415,jobs_per_GW,level,state,2019,OLS_FE,7548.41,5521.47,cluster_state,1.3671,0.177962,-3553.25,18650.1,cluster_t,291,49,49,6,1.10653,0.266322,332.376,17.2629,23.1,False,0.27643,15460.1,weak_iv
emp_5415,jobs_per_GW,level,state,2019,ReducedForm,9525.51,7344.53,cluster_state,1.29695,0.200847,-5241.66,24292.7,cluster_t,291,49,49,6,1.10653,0.266322,332.376,17.2629,23.1,False,0.210241,20564.7,weak_iv
emp_5415,jobs_per_GW,level,state,2019,Wald,8608.44,5373.71,cluster_state,1.60196,0.115727,-2196.12,19413,cluster_t,291,49,49,6,1.10653,0.266322,332.376,17.2629,23.1,False,0.270979,15046.4,weak_iv;se_is_2SLS_clustered_not_delta
emp_5415,jobs_per_GW,level,union,2019,FirstStage,1.29064,0.236263,cluster_state,5.4627,1.6406e-06,0.815596,1.76568,cluster_t,291,49,49,6,1.29064,0.236263,431.042,29.8411,23.1,True,0.646199,0.661537,
emp_5415,jobs_per_GW,level,union,2019,IV2SLS,8956.58,5401.83,cluster_state,1.65806,0.103826,-1904.52,19817.7,cluster_t,291,49,49,6,1.29064,0.236263,431.042,29.8411,23.1,True,0.26681,15125.1,
emp_5415,jobs_per_GW,level,union,2019,OLS_FE,7548.41,5521.47,cluster_state,1.3671,0.177962,-3553.25,18650.1,cluster_t,291,49,49,6,1.29064,0.236263,431.042,29.8411,23.1,True,0.27643,15460.1,
emp_5415,jobs_per_GW,level,union,2019,ReducedForm,11559.7,8228.05,cluster_state,1.40491,0.166487,-4983.93,28103.3,cluster_t,291,49,49,6,1.29064,0.236263,431.042,29.8411,23.1,True,0.251493,23038.5,
emp_5415,jobs_per_GW,level,union,2019,Wald,8956.58,5401.83,cluster_state,1.65806,0.103826,-1904.52,19817.7,cluster_t,291,49,49,6,1.29064,0.236263,431.042,29.8411,23.1,True,0.26681,15125.1,se_is_2SLS_clustered_not_delta
net_info_5182_plus_517,jobs_per_GW,level,union,2019,IV2SLS_bootstrap,2693.31,1962.72,cluster_state,1.37223,0.17637,604.627,8897.56,bootstrap_pct,291,49,49,6,1.23622,0.257546,431.042,29.8411,23.1,True,,5495.62,"pairs cluster bootstrap over states, percentile CI;COV_DISAGREEMENT_>2x_trust_bootstrap;reps_kept=995;reps_dropped=4"
net_info_5182_plus_517,jobs_per_GW,level,union,2019,IV2SLS_stacked,2693.31,1220.71,cluster_state,2.20635,0.0321781,238.908,5147.71,cluster_t,582,49,49,6,1.29064,0.236263,431.042,29.8411,23.1,True,,3417.98,"stacked SUR-IV; Cov estimated, never set to zero"
net_info_earn_5182_plus_517,usd_per_month_per_GW,level,union,2019,IV2SLS_bootstrap,782.967,1026.07,cluster_state,0.763077,0.449152,107.274,4283.55,bootstrap_pct,291,49,49,6,1.23622,0.257546,431.042,29.8411,23.1,True,,2872.98,"pairs cluster bootstrap over states, percentile CI;COV_DISAGREEMENT_>2x_trust_bootstrap;reps_kept=995;reps_dropped=4"
net_info_earn_5182_plus_517,usd_per_month_per_GW,level,union,2019,IV2SLS_stacked,782.967,579.38,cluster_state,1.35139,0.182907,-381.956,1947.89,cluster_t,582,49,49,6,1.29064,0.236263,431.042,29.8411,23.1,True,,1622.27,"stacked SUR-IV; Cov estimated, never set to zero"
